Date,Salesperson,Customer Name,Car Make,Car Model,Car Year,Sale Price,Commission Rate,Commission Earned
05/03/22,Aaron Williams,Christopher Macdonald,Ford,Corolla,2020,10618,0.126843031,1346.82
06/08/22,Aaron Williams,Tony Wilson,Ford,Corolla,2013,18232,0.12605704,2298.27
03/16/23,Aaron Williams,Brian Wagner,Nissan,Silverado,2019,44162,0.128188407,5661.06
12/10/22,Aaron Williams,Brandon Walker,Toyota,Corolla,2018,20474,0.104818293,2146.05
09/12/22,Aaron Williams,Brianna Knight,Chevrolet,F-150,2014,26385,0.1040901,2746.42
09/18/22,Aaron Williams,Kathy Price,Toyota,Altima,2015,20107,0.111674724,2245.44
07/24/22,Aaron Williams,Bryan Burton,Ford,F-150,2010,14384,0.053949952,776.02
02/20/23,Aaron Williams,Barbara Sanchez,Ford,F-150,2011,12386,0.145937913,1807.59
04/07/23,Aaron Williams,Christian Jones,Ford,Silverado,2013,31661,0.080643958,2553.27
12/17/22,Aaron Williams,Stephen Russell,Toyota,Silverado,2013,15980,0.146767613,2345.35
03/19/23,Aaron Williams,Casey Gaines,Ford,Civic,2014,45521,0.068782293,3131.04
03/24/23,Aaron Williams,Hannah Weaver,Honda,Altima,2019,43666,0.117295434,5121.82
02/14/23,Aaron Williams,Lisa Alvarez,Ford,Corolla,2020,45212,0.124064187,5609.19
03/13/23,Aaron Williams,James Turner,Nissan,F-150,2016,10872,0.109546904,1190.99
09/01/22,Aaron Williams,Paul Pham,Honda,Altima,2022,48674,0.101480119,4939.44
09/29/22,Aaron Williams,Gabriel Anderson,Nissan,Civic,2021,45192,0.061448178,2776.97
09/03/22,Aaron Williams,Sabrina Williams,Toyota,Corolla,2012,28564,0.061851657,1766.73
10/27/22,Aaron Williams,Michael Lane,Nissan,Altima,2019,41479,0.067910148,2816.85
10/16/22,Aaron Williams,Sarah Lam,Toyota,Civic,2022,37932,0.086121808,3266.77
06/12/22,Aaron Williams,Angela Thomas,Honda,Altima,2020,30418,0.14950223,4547.56
01/27/23,Aaron Williams,Lisa Marshall,Ford,Civic,2011,20170,0.116036924,2340.46
04/12/23,Aaron Williams,Lisa Hall,Toyota,F-150,2014,42760,0.147076387,6288.99
06/06/22,Aaron Williams,Jacqueline Ortiz,Ford,Civic,2022,15157,0.121927639,1848.06
08/06/22,Aaron Williams,Michelle Ross,Chevrolet,F-150,2022,49939,0.127926844,6388.54
12/30/22,Aaron Williams,Shannon Martin,Toyota,F-150,2010,42747,0.097554283,4170.15
08/17/22,Aaron Williams,Jason Hernandez,Toyota,F-150,2010,18895,0.061012214,1152.83
01/30/23,Aaron Williams,Tiffany Dunn,Toyota,F-150,2011,44883,0.070130946,3147.69
04/11/23,Aaron Williams,Sherry Dixon,Honda,Silverado,2019,48190,0.125735758,6059.21
07/14/22,Aaron Williams,Claire Day,Nissan,F-150,2018,30296,0.100170363,3034.76
09/30/22,Aaron Williams,James Martinez,Toyota,Silverado,2021,44747,0.147829503,6614.93
03/14/23,Aaron Williams,Jay Calhoun,Nissan,F-150,2013,31472,0.142690407,4490.75
06/07/22,Aaron Williams,Jeffrey Cameron,Ford,Silverado,2012,42964,0.141651755,6085.93
12/02/22,Aaron Williams,Rachel Estrada,Toyota,Corolla,2013,15025,0.132165849,1985.79
01/24/23,Aaron Williams,Kevin Harrison,Ford,F-150,2018,29655,0.08215267,2436.24
09/25/22,Aaron Williams,Ashley Benton,Toyota,F-150,2011,30248,0.065154038,1970.78
08/09/22,Aaron Williams,Caleb Stewart,Chevrolet,Civic,2014,30799,0.055640016,1713.66
07/30/22,Aaron Williams,Deborah Robinson,Ford,Altima,2015,19183,0.127161607,2439.34
04/25/23,Aaron Williams,Kyle Hill,Honda,Corolla,2017,46250,0.110094083,5091.85
08/23/22,Aaron Williams,Taylor Moore,Nissan,Silverado,2018,18482,0.086185324,1592.88
01/02/23,Aaron Williams,Lisa Humphrey,Nissan,Altima,2020,34331,0.136182545,4675.28
11/29/22,Aaron Williams,Raymond West,Honda,Corolla,2015,24124,0.109814451,2649.16
12/12/22,Aaron Williams,Todd Jordan,Toyota,Corolla,2017,38804,0.055522578,2154.5
06/20/22,Aaron Williams,Tiffany Stewart,Ford,Civic,2016,34503,0.109229695,3768.75
04/19/23,Aaron Williams,Brian Nicholson,Honda,Corolla,2016,16666,0.100082076,1667.97
10/18/22,Aaron Williams,David Garrett,Honda,Silverado,2015,37500,0.103799672,3892.49
04/06/23,Aaron Williams,Ashley Moreno DDS,Ford,Civic,2018,16309,0.149925782,2445.14
12/29/22,Aaron Williams,Diane Williams,Toyota,Corolla,2020,10267,0.137205177,1408.69
08/28/22,Aaron Williams,Thomas White,Honda,Silverado,2022,37655,0.078801112,2967.26
04/12/23,Aaron Williams,Renee Phillips,Toyota,Silverado,2017,30720,0.130696765,4015
12/08/22,Aaron Williams,Anna Evans,Honda,Silverado,2018,19833,0.080196462,1590.54
08/30/22,Aaron Williams,Courtney Zuniga,Toyota,Corolla,2014,28200,0.059892031,1688.96
02/20/23,Aaron Williams,Samuel Duke,Ford,Altima,2017,39332,0.114974011,4522.16
01/31/23,Aaron Williams,Nicole Rodriguez,Nissan,Civic,2010,49295,0.054465,2684.85
03/26/23,Aaron Williams,Alexandra Knapp,Toyota,F-150,2017,38549,0.078654286,3032.04
05/11/22,Aaron Williams,Cory Rogers,Honda,F-150,2017,37923,0.091910432,3485.52
09/07/22,Aaron Williams,Jacob Stokes,Honda,F-150,2013,48419,0.127018014,6150.09
02/01/23,Aaron Williams,Damon Baker,Chevrolet,Civic,2012,28865,0.124313596,3588.31
05/18/22,Aaron Williams,Sharon Tapia,Nissan,Civic,2022,21629,0.135361027,2927.72
12/05/22,Aaron Williams,William Lynn,Nissan,Civic,2020,45878,0.117678953,5398.88
01/07/23,Aaron Williams,Andrew Brown,Ford,Altima,2019,24131,0.071074169,1715.09
10/21/22,Aaron Williams,Claudia Campbell MD,Nissan,Corolla,2011,26017,0.083391553,2169.6
11/16/22,Aaron Williams,Kim Aguilar DDS,Toyota,F-150,2014,44308,0.077016327,3412.44
06/13/22,Aaron Williams,Toni Smith,Honda,Silverado,2016,22495,0.12640586,2843.5
06/10/22,Aaron Williams,Tyrone Miller,Chevrolet,Civic,2013,37116,0.073816519,2739.77
08/20/22,Aaron Williams,Shelby Baker,Honda,F-150,2018,34819,0.055729473,1940.44
02/08/23,Aaron Williams,Dennis Cardenas,Toyota,Corolla,2021,29298,0.076405583,2238.53
05/27/22,Aaron Williams,Courtney Sullivan,Nissan,Civic,2022,24292,0.141819805,3445.09
01/09/23,Aaron Williams,Alison Thomas,Honda,Corolla,2011,48805,0.105585499,5153.1
11/12/22,Aaron Williams,Matthew Larson,Nissan,Altima,2018,41141,0.131314717,5402.42
05/21/22,Aaron Williams,Anthony Lopez,Toyota,Corolla,2021,26159,0.14636523,3828.77
06/12/22,Aaron Williams,Tyler Lawson,Honda,F-150,2013,41397,0.14278012,5910.67
09/08/22,Aaron Williams,Adrian Miller,Chevrolet,Corolla,2022,45561,0.116254342,5296.66
03/30/23,Aaron Williams,Renee Sharp,Honda,Corolla,2013,24577,0.132106688,3246.79
04/29/23,Aaron Williams,Sandra Moore,Ford,Civic,2016,33340,0.114535922,3818.63
09/05/22,Aaron Williams,Christina Roberts,Ford,Altima,2016,13572,0.069062806,937.32
07/04/22,Aaron Williams,Sarah Gibson,Nissan,Corolla,2019,34018,0.145273091,4941.9
06/08/22,Aaron Williams,Kayla Young,Honda,Civic,2022,15939,0.130896307,2086.36
01/16/23,Aaron Williams,John Skinner,Toyota,Corolla,2016,19993,0.05000216,999.69
01/06/23,Aaron Williams,Mckenzie Zavala,Ford,Silverado,2020,22648,0.063995444,1449.37
05/20/22,Aaron Williams,Edward Erickson,Toyota,Corolla,2013,38892,0.112339094,4369.09
04/27/23,Aaron Williams,John Rogers,Nissan,Silverado,2010,15021,0.136241677,2046.49
01/24/23,Aaron Williams,Joseph Cook,Nissan,Altima,2011,23307,0.074840116,1744.3
12/21/22,Aaron Williams,Daniel Schmitt,Honda,F-150,2021,15735,0.050976397,802.11
05/10/22,Aaron Williams,Jamie Holland,Honda,F-150,2013,12557,0.078212886,982.12
06/01/22,Betty Young,Seth Horne,Nissan,Silverado,2016,24664,0.124724337,3076.2
04/29/23,Betty Young,Valerie Salazar,Ford,Altima,2018,48884,0.083590255,4086.23
08/08/22,Betty Young,Blake Barrera,Ford,Civic,2016,24820,0.104056719,2582.69
02/15/23,Betty Young,Lynn Villarreal,Honda,Corolla,2015,44250,0.115044401,5090.71
08/13/22,Betty Young,Joseph James,Honda,F-150,2019,47642,0.117699152,5607.42
05/31/22,Betty Young,Danielle Mack,Chevrolet,F-150,2012,34172,0.133677318,4568.02
11/18/22,Betty Young,Dr. Wesley Wise,Nissan,Corolla,2021,22871,0.058440041,1336.58
04/27/23,Betty Young,Darlene Travis,Honda,Altima,2017,38751,0.143619062,5565.38
07/19/22,Betty Young,Dustin Lopez,Nissan,F-150,2021,23810,0.117015964,2786.15
03/24/23,Betty Young,Debra Fletcher,Nissan,Silverado,2014,29795,0.117931926,3513.78
04/26/23,Betty Young,Jessica Reid,Chevrolet,Corolla,2015,29817,0.062327834,1858.43
07/02/22,Betty Young,Kenneth Avery,Chevrolet,F-150,2012,22218,0.052180433,1159.34
08/10/22,Betty Young,Ethan Marquez,Chevrolet,Silverado,2020,25433,0.134057045,3409.47
07/06/22,Betty Young,Mr. James Hill,Chevrolet,Silverado,2018,45657,0.094358445,4308.12
04/29/23,Betty Young,Angela Mccann,Nissan,F-150,2015,14960,0.137746739,2060.69
06/11/22,Betty Young,Kevin Davis,Honda,Civic,2011,31050,0.084945255,2637.55
07/24/22,Betty Young,Patrick Brady,Honda,Silverado,2016,30295,0.136748179,4142.79
11/03/22,Betty Young,Maria White,Ford,Civic,2013,34417,0.118633695,4083.02
09/28/22,Betty Young,Rose Nelson,Chevrolet,Silverado,2021,22497,0.064726822,1456.16
07/02/22,Betty Young,Gregory Gutierrez,Ford,F-150,2021,34821,0.139330122,4851.61
12/14/22,Betty Young,Yvonne Harper,Honda,F-150,2015,41135,0.144529851,5945.24
04/27/23,Betty Young,Anna Owen,Honda,Altima,2017,29381,0.121837894,3579.72
07/18/22,Betty Young,Jason Hahn,Ford,Altima,2011,23330,0.068980756,1609.32
01/06/23,Betty Young,Joseph Sutton,Toyota,Corolla,2016,23193,0.120210117,2788.03
01/17/23,Betty Young,Theresa Gibbs,Honda,F-150,2017,34034,0.137908645,4693.58
07/01/22,Betty Young,Curtis Leonard,Honda,Civic,2016,42672,0.123137887,5254.54
04/18/23,Betty Young,Elaine Pearson,Toyota,Civic,2015,39834,0.053417021,2127.81
07/04/22,Betty Young,Rhonda Schmidt,Nissan,F-150,2019,41820,0.07966537,3331.61
04/19/23,Betty Young,Tina Miranda,Nissan,Civic,2015,25856,0.066763064,1726.23
05/11/22,Betty Young,Jessica Gilmore,Ford,Corolla,2022,22488,0.066179299,1488.24
10/11/22,Betty Young,Craig Klein,Toyota,F-150,2010,16227,0.12453601,2020.85
09/12/22,Betty Young,Barbara Garcia,Ford,F-150,2018,46336,0.110212213,5106.79
03/23/23,Betty Young,Matthew Peterson,Chevrolet,Civic,2013,14864,0.077744275,1155.59
04/27/23,Betty Young,Christine Perez,Chevrolet,Silverado,2014,10025,0.059271937,594.2
10/22/22,Betty Young,Hunter Mccoy,Ford,Civic,2021,42308,0.103506541,4379.15
04/21/23,Betty Young,Allen Garcia,Chevrolet,F-150,2018,38725,0.146836524,5686.24
07/29/22,Betty Young,Stephanie Williams,Toyota,Altima,2016,35145,0.130215036,4576.41
12/12/22,Betty Young,Kevin Aguilar,Chevrolet,F-150,2021,29337,0.143044342,4196.49
04/24/23,Betty Young,Mrs. Holly Allison,Chevrolet,Silverado,2013,36056,0.142695944,5145.04
05/01/23,Betty Young,Jo Bennett,Chevrolet,Corolla,2014,18736,0.078463011,1470.08
04/26/23,Betty Young,Meghan Cooley,Chevrolet,F-150,2022,13337,0.070709323,943.05
10/25/22,Betty Young,Anthony Peters,Toyota,Corolla,2018,32520,0.13987486,4548.73
12/17/22,Betty Young,John Jackson,Chevrolet,Silverado,2021,17293,0.080931936,1399.56
12/10/22,Betty Young,Karen Yang,Honda,Corolla,2021,47114,0.064291339,3029.02
07/21/22,Betty Young,Nicole Parsons,Chevrolet,Civic,2017,13097,0.100233911,1312.76
09/12/22,Betty Young,Anne Ferrell,Toyota,Civic,2019,24389,0.095097703,2319.34
06/23/22,Betty Young,Maria Padilla,Toyota,Altima,2015,45930,0.121264838,5569.69
02/23/23,Betty Young,Kristen Hall,Chevrolet,F-150,2015,28896,0.076082717,2198.49
08/11/22,Betty Young,Sandra Chase,Honda,F-150,2012,29937,0.143609085,4299.23
03/26/23,Betty Young,Sara Torres,Ford,F-150,2021,35956,0.136831949,4919.93
10/16/22,Betty Young,Michelle Mendez,Chevrolet,Silverado,2021,31841,0.118439009,3771.22
06/09/22,Betty Young,Dillon Solis,Toyota,Altima,2020,48709,0.089118493,4340.87
02/23/23,Betty Young,Amy Burns,Honda,Corolla,2012,25187,0.08328041,2097.58
08/26/22,Betty Young,Krista Sanders,Honda,Civic,2012,42079,0.108388692,4560.89
09/16/22,Betty Young,Mrs. Karla Horn,Ford,Corolla,2020,36925,0.143845407,5311.49
08/14/22,Betty Young,Tracey Walls,Ford,Corolla,2015,20727,0.082872813,1717.7
11/06/22,Betty Young,Hunter Todd,Honda,Civic,2021,19811,0.067622902,1339.68
08/20/22,Betty Young,Zachary Brown,Chevrolet,Civic,2017,11864,0.083191279,986.98
10/30/22,Betty Young,Chad Brown,Honda,Silverado,2022,39291,0.08776658,3448.44
11/09/22,Betty Young,Joshua Edwards,Ford,Silverado,2012,45611,0.077783199,3547.77
08/26/22,Betty Young,James Taylor,Honda,Corolla,2015,26438,0.14714153,3890.13
09/21/22,Betty Young,Kelly Thomas,Nissan,Silverado,2013,25226,0.117215991,2956.89
03/23/23,Betty Young,Bradley Wilcox,Honda,Civic,2010,49122,0.070310096,3453.77
05/17/22,Betty Young,Rachel Dillon,Toyota,Civic,2020,48964,0.07435728,3640.83
01/20/23,Betty Young,Joseph Marquez,Honda,Silverado,2015,35989,0.105519996,3797.56
04/06/23,Betty Young,Rodney Black,Chevrolet,Altima,2021,10313,0.103874895,1071.26
12/10/22,Betty Young,Michelle Beck,Ford,Silverado,2021,11203,0.085945181,962.84
12/01/22,Betty Young,Jonathon Davis,Toyota,Silverado,2012,28125,0.068453099,1925.24
04/18/23,Betty Young,Jesse Dunn,Nissan,Corolla,2013,13194,0.118621261,1565.09
09/17/22,Betty Young,Zachary Reese,Toyota,Silverado,2011,13112,0.092264679,1209.77
08/25/22,Betty Young,Debra Hudson,Toyota,Altima,2015,18282,0.148180712,2709.04
07/14/22,Betty Young,Jo Smith,Ford,F-150,2021,46882,0.090422891,4239.21
11/20/22,Betty Young,John Bush,Chevrolet,Corolla,2016,48574,0.148291349,7203.1
10/15/22,Betty Young,Andrew Duncan,Toyota,Altima,2011,45839,0.1155839,5298.25
08/17/22,Betty Young,Aaron Wells,Chevrolet,Civic,2020,37942,0.083739757,3177.25
05/29/22,Betty Young,Robert Conley,Ford,Civic,2021,26876,0.086318525,2319.9
10/29/22,Betty Young,Joseph Holland DDS,Toyota,Silverado,2022,32215,0.141200453,4548.77
11/03/22,Betty Young,Donald Gregory Jr.,Nissan,Altima,2020,29694,0.055507208,1648.23
05/01/23,Betty Young,Stanley Perez,Nissan,Civic,2021,36948,0.11820734,4367.52
09/19/22,Betty Young,Tina Perez,Ford,Civic,2018,38555,0.055717318,2148.18
08/29/22,Betty Young,Colin Welch,Chevrolet,Civic,2019,27849,0.059948967,1669.52
05/13/22,Betty Young,Lauren Byrd,Ford,Corolla,2017,39880,0.075195305,2998.79
09/08/22,Betty Young,Regina Williams,Toyota,Altima,2022,33162,0.084473741,2801.32
03/13/23,Betty Young,Robert Shaw,Ford,Silverado,2012,32458,0.12279629,3985.72
11/30/22,Betty Young,Michael Johnson,Nissan,Corolla,2016,19976,0.115545368,2308.13
02/06/23,Betty Young,Michelle Hunter,Ford,Silverado,2020,27402,0.140788807,3857.89
03/18/23,Betty Young,Alexander Stokes,Chevrolet,F-150,2012,13204,0.132188342,1745.41
06/28/22,Betty Young,Jesse Miller,Toyota,Civic,2019,47484,0.114145803,5420.1
07/15/22,Betty Young,Melissa Mooney,Honda,Silverado,2015,18778,0.07603595,1427.8
05/13/22,Betty Young,Jerry Baker,Chevrolet,Silverado,2019,41216,0.12869098,5304.13
10/21/22,Betty Young,Katie Bell,Honda,Civic,2022,48743,0.11107111,5413.94
04/19/23,Betty Young,Courtney Miller,Nissan,Silverado,2017,21618,0.145337945,3141.92
09/19/22,Betty Young,Dennis Camacho,Chevrolet,F-150,2014,15844,0.066035232,1046.26
08/17/22,Betty Young,Shaun Brown,Toyota,F-150,2013,25708,0.105906256,2722.64
02/18/23,Betty Young,Anna Patton,Ford,Civic,2019,25903,0.117213781,3036.19
09/06/22,Betty Young,Jason Mack,Ford,F-150,2010,23633,0.103984785,2457.47
08/14/22,Betty Young,Ashley Carr,Chevrolet,Silverado,2015,42449,0.069206145,2937.73
03/15/23,Betty Young,Michael Owens,Toyota,F-150,2015,15040,0.124262121,1868.9
11/13/22,Betty Young,Jessica Wilson,Toyota,Corolla,2013,34377,0.078920147,2713.04
07/22/22,Betty Young,James Hatfield,Chevrolet,Corolla,2016,46402,0.085014335,3944.84
10/26/22,Betty Young,Tanya Green,Chevrolet,Silverado,2013,14566,0.060682467,883.9
04/28/23,Betty Young,Andrew Adams,Honda,Corolla,2021,12931,0.053481841,691.57
03/29/23,Betty Young,Rose Johnson,Chevrolet,F-150,2017,47493,0.051674859,2454.19
06/23/22,Betty Young,Phillip Cox,Toyota,Altima,2022,18209,0.0972776,1771.33
06/08/22,Betty Young,Scott Beltran,Ford,Civic,2019,34559,0.114286721,3949.63
09/22/22,Betty Young,Robin Perez,Honda,Corolla,2022,48351,0.099316814,4802.07
10/04/22,Betty Young,Denise Carter,Chevrolet,F-150,2017,29518,0.072624228,2143.72
06/14/22,Betty Young,Erika Farrell,Honda,F-150,2019,32880,0.144113736,4738.46
04/19/23,Betty Young,Sandra Hart,Toyota,Civic,2015,43635,0.144807114,6318.66
11/19/22,Betty Young,Jonathan Garner,Toyota,Silverado,2018,24381,0.072714628,1772.86
01/09/23,Betty Young,Lisa Rosales,Toyota,Altima,2019,31976,0.082715142,2644.9
12/09/22,Betty Young,Amanda Ferrell,Honda,Corolla,2011,13766,0.129079333,1776.91
09/18/22,Betty Young,Alyssa Smith,Nissan,Civic,2017,42363,0.066103323,2800.34
03/05/23,Betty Young,Stephanie Mendez,Chevrolet,Altima,2015,15463,0.138672834,2144.3
02/28/23,Betty Young,Dr. Michelle Guerra,Chevrolet,Altima,2010,27838,0.120194229,3345.97
04/23/23,Betty Young,Frank Schwartz,Ford,F-150,2013,45097,0.084984528,3832.55
04/23/23,Betty Young,Edward Barnes,Honda,Altima,2017,35616,0.117966827,4201.51
09/15/22,Betty Young,Joseph Glover,Honda,Civic,2019,15314,0.142494861,2182.17
05/03/22,Betty Young,Jason Davis,Ford,Corolla,2020,34365,0.076107368,2615.43
11/08/22,Betty Young,Christine Olson,Nissan,Corolla,2010,42176,0.090121686,3800.97
07/03/22,Betty Young,Joseph Garcia,Toyota,Civic,2022,29071,0.118286698,3438.71
09/03/22,Betty Young,Luke Robinson,Ford,Corolla,2019,38613,0.109726096,4236.85
12/01/22,Betty Young,James Stone,Chevrolet,Altima,2011,49625,0.067785568,3363.86
01/13/23,Betty Young,Kirsten Thompson DDS,Chevrolet,Civic,2012,16242,0.093600959,1520.27
12/30/22,Betty Young,Steven Liu,Chevrolet,Altima,2016,35191,0.096900235,3410.02
10/14/22,Betty Young,Henry King,Honda,Corolla,2014,33518,0.104796131,3512.56
01/16/23,Betty Young,Jorge Williams,Toyota,F-150,2011,21667,0.141795717,3072.29
04/10/23,Betty Young,George Burke,Honda,F-150,2019,14576,0.11684825,1703.18
10/22/22,Betty Young,Antonio Estrada,Ford,Silverado,2011,27218,0.053590363,1458.62
06/12/22,Betty Young,Paul Robertson,Ford,Corolla,2020,19366,0.062033965,1201.35
06/19/22,Betty Young,Daniel Williams,Ford,Corolla,2013,25844,0.055972706,1446.56
12/08/22,Betty Young,Shannon Russell,Toyota,Silverado,2011,42233,0.063087692,2664.38
03/26/23,Betty Young,Nicholas Snow,Chevrolet,F-150,2010,25761,0.128635894,3313.79
09/29/22,Betty Young,Brandon Turner,Chevrolet,Altima,2011,46924,0.111066688,5211.69
12/14/22,Betty Young,Paul Jackson,Nissan,F-150,2019,44048,0.123513232,5440.51
05/03/22,Betty Young,David Johnson,Nissan,Altima,2015,28962,0.1044098,3023.92
07/11/22,Betty Young,Tiffany Arnold,Ford,Corolla,2013,14767,0.10428729,1540.01
07/11/22,Betty Young,Angela Ramos,Honda,Silverado,2018,23454,0.07415248,1739.17
07/23/22,Betty Young,Angel Rose,Ford,F-150,2019,38050,0.132951135,5058.79
01/04/23,Betty Young,Crystal Dean,Honda,Civic,2022,15231,0.121576275,1851.73
10/13/22,Betty Young,Omar Snyder,Chevrolet,Civic,2015,10186,0.091085232,927.79
02/19/23,Betty Young,Kevin Morris,Honda,F-150,2019,43586,0.05800043,2528.01
02/13/23,Betty Young,Thomas Peters,Ford,F-150,2016,15529,0.133077016,2066.55
07/30/22,Betty Young,Lindsay Mccormick,Ford,F-150,2019,10854,0.071441871,775.43
07/17/22,Betty Young,Gregory Phillips Jr.,Chevrolet,Silverado,2020,36523,0.147075072,5371.62
11/27/22,Betty Young,Jacqueline Pittman,Toyota,Silverado,2020,18842,0.081526277,1536.12
04/20/23,Betty Young,Austin Henry,Honda,F-150,2020,20202,0.087579933,1769.29
03/15/23,Betty Young,Christopher Landry,Toyota,Silverado,2012,33017,0.116353089,3841.63
05/24/22,Betty Young,Amy Sanchez,Chevrolet,F-150,2013,26168,0.136261663,3565.7
06/30/22,Betty Young,Craig Hicks,Toyota,F-150,2022,48712,0.096844086,4717.47
04/29/23,Betty Young,Justin Moore,Ford,Civic,2017,46312,0.105941253,4906.35
02/11/23,Betty Young,Linda Conrad,Nissan,Altima,2019,46164,0.144673804,6678.72
07/29/22,Betty Young,Maria Briggs,Nissan,Corolla,2016,45589,0.106894879,4873.23
12/13/22,Betty Young,Sheila Frank,Nissan,Silverado,2022,40186,0.14989199,6023.56
02/18/23,Betty Young,Marie Green,Honda,Silverado,2019,13702,0.112969352,1547.91
03/22/23,Betty Young,Eric Hickman,Toyota,F-150,2016,36472,0.142495613,5197.1
12/30/22,Betty Young,Douglas Frank,Honda,Civic,2016,44326,0.082696251,3665.59
06/30/22,Betty Young,Andrew Townsend,Ford,Corolla,2017,33224,0.118367779,3932.65
09/09/22,Betty Young,Laura Mccullough,Ford,F-150,2012,12785,0.075195436,961.37
03/28/23,Betty Young,Angela Hall,Toyota,Altima,2012,48518,0.13138673,6374.62
02/27/23,Betty Young,Jennifer Montes,Chevrolet,Altima,2014,20130,0.114836207,2311.65
03/19/23,Betty Young,Luis Hall,Honda,Silverado,2012,19574,0.099557331,1948.74
05/13/22,Betty Young,Jean Ramirez,Nissan,F-150,2013,38728,0.111280273,4309.66
02/07/23,Betty Young,Jacob Dickson,Honda,Civic,2020,46032,0.099818754,4594.86
07/05/22,Betty Young,Michael Miller,Nissan,Silverado,2016,24173,0.091079264,2201.66
09/21/22,Betty Young,Brent Mays,Toyota,Altima,2013,24034,0.091313069,2194.62
03/31/23,Betty Young,Christopher Roberts,Chevrolet,Altima,2012,34902,0.055008191,1919.9
12/21/22,Betty Young,Paul Mclaughlin,Ford,Silverado,2019,16631,0.113931299,1894.79
10/01/22,Betty Young,George Johnson,Ford,Altima,2022,45546,0.078499965,3575.36
09/23/22,Betty Young,Christopher Cruz,Toyota,Corolla,2014,32968,0.118714078,3913.77
04/01/23,Betty Young,Kenneth Hernandez,Ford,Corolla,2014,33780,0.111545184,3768
03/26/23,Betty Young,Jose Ward,Chevrolet,Altima,2012,25699,0.065448206,1681.95
08/24/22,Betty Young,Scott Donovan,Honda,Civic,2017,44652,0.083283473,3718.77
08/26/22,Betty Young,Kathryn Park,Honda,Civic,2021,46780,0.077381418,3619.9
12/30/22,Betty Young,Sarah Evans,Honda,Altima,2011,24893,0.132947841,3309.47
03/10/23,Betty Young,Anthony Vaughn,Ford,Corolla,2020,37145,0.098993783,3677.12
09/08/22,Betty Young,Annette James,Ford,Corolla,2018,34285,0.069593033,2386
12/13/22,Betty Young,Jason Murphy,Toyota,Silverado,2013,36173,0.093557935,3384.27
04/04/23,Betty Young,Sarah Watkins,Ford,Civic,2013,45334,0.136882742,6205.44
12/05/22,Betty Young,Brett Kim,Nissan,Silverado,2016,36940,0.111616659,4123.12
05/30/22,Betty Young,Kristin Hall,Chevrolet,Corolla,2011,27734,0.143140179,3969.85
10/31/22,Betty Young,John Robinson,Nissan,Altima,2022,11061,0.078991679,873.73
05/25/22,Betty Young,Christine Ellis,Honda,Silverado,2015,15894,0.138908673,2207.81
03/21/23,Betty Young,Frances Castillo,Honda,Corolla,2016,17047,0.126456915,2155.71
03/07/23,Betty Young,Robert Burke,Ford,Silverado,2021,46139,0.12867908,5937.12
04/15/23,Betty Young,Mary Nielsen,Ford,Corolla,2021,13143,0.140933003,1852.28
08/29/22,Betty Young,Thomas Long III,Honda,Altima,2010,35635,0.133891134,4771.21
11/20/22,Betty Young,Krista Cortez,Chevrolet,Silverado,2010,11820,0.14210112,1679.64
07/09/22,Betty Young,Thomas White,Nissan,F-150,2022,34778,0.124526325,4330.78
08/14/22,Betty Young,David Peck,Chevrolet,Civic,2013,47797,0.118523106,5665.05
02/20/23,Betty Young,Denise Velez,Ford,F-150,2021,22268,0.055122106,1227.46
11/19/22,Betty Young,Cory Singleton,Chevrolet,F-150,2017,47014,0.119202383,5604.18
06/16/22,Betty Young,Shelia Patel,Nissan,Altima,2013,34349,0.129484691,4447.67
01/23/23,Betty Young,John Goodwin,Ford,Altima,2020,25964,0.098218645,2550.15
05/05/22,Betty Young,Donald Smith,Chevrolet,Altima,2010,24606,0.092016975,2264.17
05/12/22,Betty Young,Sarah Martin,Nissan,Civic,2012,39840,0.113438639,4519.4
03/26/23,Betty Young,Tracy Vaughn,Toyota,Corolla,2011,43592,0.099287469,4328.14
03/08/23,Betty Young,Kathryn Myers,Chevrolet,Altima,2021,17096,0.122034614,2086.3
05/25/22,Betty Young,Denise Trevino,Ford,F-150,2015,29837,0.052128645,1555.36
01/17/23,Betty Young,Nicholas Lam,Ford,F-150,2013,24961,0.142822734,3565
05/08/22,Betty Young,Robert Mills,Chevrolet,Corolla,2012,45360,0.095968675,4353.14
12/20/22,Betty Young,Christine Scott,Toyota,Silverado,2020,12606,0.129309311,1630.07
07/05/22,Betty Young,Dustin Taylor,Chevrolet,Civic,2016,45924,0.076383844,3507.85
01/24/23,Betty Young,John Nunez,Chevrolet,Corolla,2011,34067,0.12732943,4337.73
02/21/23,Betty Young,Christopher Cook,Chevrolet,Altima,2011,10336,0.122318652,1264.29
08/01/22,Betty Young,Sylvia Williams,Toyota,Corolla,2019,48779,0.052899612,2580.39
01/24/23,Betty Young,Andrew Hudson,Nissan,Corolla,2020,42405,0.097317108,4126.73
05/20/22,Betty Young,Rachel Whitehead,Ford,Corolla,2022,11372,0.098670981,1122.09
05/13/22,Betty Young,Kelly Herman,Chevrolet,F-150,2021,37032,0.087794766,3251.22
04/16/23,Betty Young,Brenda Werner,Honda,Corolla,2021,25069,0.071331945,1788.22
05/04/22,Betty Young,Michael Murphy,Toyota,Silverado,2018,30286,0.125772834,3809.16
09/30/22,Betty Young,Jonathon Garcia,Toyota,Corolla,2019,40891,0.053430566,2184.83
01/22/23,Betty Young,Tammy Cain,Ford,Civic,2019,20795,0.121036794,2516.96
05/06/22,Betty Young,Sherry Terry,Ford,Corolla,2020,45321,0.127692446,5787.15
11/07/22,Betty Young,Jacob Woods,Honda,F-150,2018,46030,0.131087744,6033.97
12/18/22,Betty Young,Amanda Anderson,Ford,Civic,2018,48905,0.120653061,5900.54
02/25/23,Betty Young,Timothy Miller,Chevrolet,F-150,2013,16272,0.102119475,1661.69
10/23/22,Betty Young,Karen Kelley,Chevrolet,Altima,2020,12182,0.145123875,1767.9
09/12/22,Betty Young,Cheryl Jensen,Chevrolet,Civic,2011,19471,0.123384423,2402.42
11/05/22,Betty Young,Seth Thomas,Chevrolet,Civic,2018,40234,0.081153175,3265.12
01/28/23,Betty Young,Sherry Elliott,Toyota,F-150,2014,49461,0.122389396,6053.5
06/08/22,Betty Young,David Roy,Chevrolet,Altima,2015,12128,0.059203196,718.02
07/21/22,Betty Young,Sheryl Mason,Ford,Corolla,2019,35141,0.063213723,2221.39
12/22/22,Betty Young,Marcus Bullock,Ford,F-150,2017,10503,0.062559908,657.07
06/30/22,Betty Young,Megan Peterson,Chevrolet,F-150,2017,28062,0.135832919,3811.74
12/28/22,Betty Young,Sarah Mason,Ford,Altima,2018,31592,0.096319767,3042.93
12/17/22,Betty Young,Jasmine Crawford,Chevrolet,Civic,2015,17960,0.07262428,1304.33
01/24/23,Betty Young,Michele Morgan,Chevrolet,Silverado,2017,25721,0.075790217,1949.4
07/25/22,Betty Young,Joshua Webb,Toyota,Corolla,2015,31973,0.089156876,2850.61
04/07/23,Betty Young,Miss Tina Bishop DVM,Honda,Civic,2016,16412,0.125598938,2061.33
06/16/22,Betty Young,Vanessa Jones,Honda,Silverado,2022,20256,0.113489793,2298.85
06/08/22,Betty Young,Joel Garrett,Nissan,Silverado,2014,18693,0.058118731,1086.41
06/18/22,Betty Young,Loretta Diaz,Nissan,Altima,2022,42530,0.082907657,3526.06
02/15/23,Betty Young,Jimmy Dunn,Honda,Silverado,2016,35279,0.063399664,2236.68
12/12/22,Betty Young,Benjamin Bright,Nissan,Corolla,2018,18717,0.089271503,1670.89
03/11/23,Betty Young,Dennis Foster,Toyota,Silverado,2014,46032,0.052817331,2431.29
07/07/22,Betty Young,Mariah Lee,Ford,Silverado,2016,39844,0.066639078,2655.17
02/21/23,Betty Young,Richard Warner,Ford,F-150,2016,36774,0.147160169,5411.67
04/14/23,Betty Young,Mary Johnson,Nissan,Altima,2011,29936,0.073987924,2214.9
03/01/23,Betty Young,David Wheeler,Chevrolet,Silverado,2011,39917,0.116673051,4657.24
12/26/22,Betty Young,Dr. Lori May MD,Ford,Civic,2017,17010,0.076759224,1305.67
08/30/22,Betty Young,Cynthia Wells,Honda,Corolla,2010,42121,0.070755842,2980.31
06/29/22,Betty Young,William Juarez,Honda,Corolla,2016,16578,0.141114865,2339.4
06/02/22,Betty Young,Frederick Rice,Honda,F-150,2015,13973,0.071130596,993.91
09/28/22,Betty Young,Daniel Keller,Chevrolet,Civic,2017,24838,0.100163473,2487.86
12/14/22,Betty Young,Elizabeth Jimenez,Chevrolet,Silverado,2013,31606,0.117649959,3718.44
02/26/23,Betty Young,Joseph Salazar,Nissan,F-150,2011,21302,0.092127881,1962.51
08/24/22,Betty Young,Kendra Clark,Ford,F-150,2014,45837,0.086689901,3973.6
08/04/22,Betty Young,Chris Baker,Ford,Civic,2013,49225,0.11718011,5768.19
09/28/22,Betty Young,Jessica Washington,Ford,Corolla,2018,32490,0.070217941,2281.38
01/18/23,Betty Young,Stephanie Jones,Honda,Altima,2010,19474,0.114695954,2233.59
07/05/22,Betty Young,James Gallagher,Toyota,Silverado,2014,13964,0.148722867,2076.77
08/07/22,Betty Young,Christina Murphy,Ford,Corolla,2012,23332,0.091599813,2137.21
05/28/22,Betty Young,Jason Mcpherson,Chevrolet,Altima,2016,38031,0.149225157,5675.18
09/12/22,Betty Young,Matthew Crane,Chevrolet,Altima,2010,13697,0.053384865,731.21
07/03/22,Betty Young,Erica Hall,Toyota,Altima,2020,31042,0.09525771,2956.99
02/14/23,Betty Young,Kaitlin Rogers,Ford,Altima,2019,47011,0.066211592,3112.67
08/19/22,Betty Young,Jose Fuller,Ford,Corolla,2012,38274,0.13161265,5037.34
01/20/23,Betty Young,Stephanie Osborne,Nissan,Corolla,2022,13530,0.11121022,1504.67
04/27/23,Betty Young,Elizabeth Taylor,Chevrolet,Corolla,2013,31020,0.121529608,3769.85
02/11/23,Betty Young,Stephanie Stanley,Honda,Altima,2012,19530,0.108669956,2122.32
04/26/23,Betty Young,Dr. Dustin Lawrence,Ford,Silverado,2015,46348,0.13684441,6342.46
03/12/23,Betty Young,Isaac Patton,Honda,Silverado,2021,41259,0.09254116,3818.16
04/12/23,Betty Young,Anthony Glover,Honda,F-150,2015,48916,0.099833576,4883.46
05/25/22,Betty Young,Rachel Madden,Honda,Civic,2011,17997,0.062692864,1128.28
06/02/22,Betty Young,Michelle Bush,Chevrolet,Corolla,2019,13144,0.088974582,1169.48
08/22/22,Betty Young,Mark Olson,Ford,F-150,2017,34044,0.077203345,2628.31
03/15/23,Betty Young,Dr. Cindy Roberts,Nissan,Civic,2010,11457,0.083015194,951.11
06/29/22,Betty Young,Juan Coleman,Toyota,Altima,2017,21555,0.104039865,2242.58
04/25/23,Betty Young,Jeremy Spence,Toyota,Silverado,2017,39713,0.075985648,3017.62
04/01/23,Betty Young,Toni Acosta,Toyota,Civic,2016,48163,0.131807447,6348.24
03/25/23,Betty Young,Ashlee Guzman,Nissan,Civic,2013,39916,0.122112009,4874.22
05/21/22,Betty Young,Kathleen Stone,Chevrolet,Civic,2012,20812,0.107514484,2237.59
07/02/22,Betty Young,Marc Caldwell,Nissan,Corolla,2021,21224,0.093014227,1974.13
08/12/22,Betty Young,David Ramirez,Chevrolet,Silverado,2018,34173,0.11922465,4074.26
03/06/23,Betty Young,Hannah Freeman,Nissan,F-150,2021,24435,0.091475176,2235.2
09/01/22,Betty Young,Heather Mclaughlin,Honda,Corolla,2014,36567,0.095263984,3483.52
08/08/22,Betty Young,Randy Noble,Toyota,Corolla,2020,36840,0.137618298,5069.86
07/24/22,Betty Young,Christopher Jenkins,Ford,Altima,2015,29785,0.092425865,2752.9
11/16/22,Betty Young,Aaron Medina,Toyota,Civic,2014,23582,0.147095768,3468.81
11/16/22,Betty Young,Tammy Bright,Ford,F-150,2012,27150,0.087644258,2379.54
05/26/22,Betty Young,Virginia Christensen,Nissan,F-150,2014,39059,0.086522705,3379.49
02/24/23,Betty Young,Misty Wagner,Toyota,F-150,2017,10493,0.142631136,1496.63
11/16/22,Betty Young,Kathryn Kemp,Toyota,Civic,2018,49872,0.081735238,4076.3
04/01/23,Betty Young,Heather Bryant,Chevrolet,F-150,2010,21917,0.059404094,1301.96
06/17/22,Betty Young,Benjamin Robertson,Toyota,F-150,2015,26838,0.058580988,1572.2
02/04/23,Betty Young,Casey Stone,Chevrolet,Silverado,2011,39825,0.097734318,3892.27
04/28/23,Betty Young,Cameron James,Honda,F-150,2022,17640,0.130832234,2307.88
03/05/23,Betty Young,Kelly Mills,Honda,Civic,2021,38562,0.072288611,2787.59
03/29/23,Betty Young,Amy Johnson,Toyota,Civic,2015,42514,0.148339495,6306.51
12/23/22,Betty Young,Barbara Warren,Honda,Corolla,2017,18161,0.135709481,2464.62
12/16/22,Betty Young,Joseph Richard,Nissan,F-150,2014,21084,0.053424536,1126.4
06/30/22,Betty Young,Tammy Ward,Honda,Silverado,2016,38265,0.08034791,3074.51
05/24/22,Betty Young,Harold Hernandez DVM,Honda,Corolla,2021,36865,0.057082798,2104.36
12/21/22,Betty Young,Natalie Thompson,Honda,Corolla,2016,36607,0.055250978,2022.57
02/03/23,Betty Young,Matthew Williams,Chevrolet,Civic,2021,16079,0.106356222,1710.1
07/07/22,Betty Young,Matthew Fisher MD,Nissan,F-150,2014,21526,0.09282293,1998.11
03/17/23,Betty Young,Christine Parker,Toyota,Silverado,2010,43218,0.141376758,6110.02
12/02/22,Betty Young,Fred Blevins MD,Chevrolet,F-150,2012,23308,0.059010261,1375.41
09/03/22,Betty Young,Kristy Wilson,Toyota,Civic,2013,39760,0.140536166,5587.72
12/14/22,Jane Blake,Steven Stevens,Nissan,Silverado,2017,19296,0.139093521,2683.95
04/19/23,Jane Blake,Henry Ayala,Chevrolet,Corolla,2021,28651,0.092142266,2639.97
10/13/22,Jane Blake,Deborah Lee,Nissan,Silverado,2012,15964,0.132191799,2110.31
02/15/23,Jane Blake,Connor White,Ford,Altima,2020,25497,0.088998475,2269.19
06/17/22,Jane Blake,Kelly Curry,Ford,Silverado,2017,31220,0.059657963,1862.52
05/12/22,Jane Blake,Amanda Warren,Honda,Corolla,2022,28376,0.128243078,3639.03
10/07/22,Jane Blake,Benjamin Wilson,Chevrolet,Corolla,2020,18832,0.148850934,2803.16
03/03/23,Jane Blake,Candice Rodriguez,Toyota,F-150,2010,48648,0.136603945,6645.51
02/02/23,Jane Blake,Molly Crawford,Nissan,Altima,2016,31699,0.117006649,3708.99
04/20/23,Jane Blake,Caitlin Townsend,Ford,F-150,2014,23269,0.077326246,1799.3
12/11/22,Jane Blake,Rebecca Hansen,Chevrolet,F-150,2012,20725,0.145073441,3006.65
05/06/22,Jane Blake,Monica Perez,Toyota,Altima,2019,13899,0.125301819,1741.57
08/19/22,Jane Blake,Sharon Fuller,Nissan,Corolla,2020,28349,0.05760086,1632.93
06/12/22,Jane Blake,Jill Sanchez,Ford,Civic,2020,44501,0.078315318,3485.11
07/08/22,Jane Blake,Andrew Campbell,Toyota,Silverado,2018,21167,0.056635828,1198.81
07/09/22,Jane Blake,Mr. Michael Harmon,Nissan,Civic,2021,19589,0.131807337,2581.97
05/01/22,Jane Blake,Michael Payne,Nissan,Corolla,2022,41449,0.076826727,3184.39
06/16/22,Jane Blake,Lynn Harris,Nissan,F-150,2016,18286,0.135828121,2483.75
12/19/22,Jane Blake,Ruben Gomez,Nissan,Civic,2010,41587,0.084404408,3510.13
01/23/23,Jane Blake,John Olson,Honda,Corolla,2015,39430,0.083964739,3310.73
12/04/22,Jane Blake,Cameron Ortega,Chevrolet,F-150,2018,31743,0.07106009,2255.66
10/04/22,Jane Blake,Leah White,Chevrolet,Corolla,2010,16312,0.058888715,960.59
03/14/23,Jane Blake,Michelle Hayes,Toyota,Corolla,2019,24771,0.096175892,2382.37
10/18/22,Jane Blake,Shari Brown,Ford,Altima,2015,40714,0.096809826,3941.52
07/11/22,Jane Blake,Zachary Mcdonald,Chevrolet,Civic,2020,35109,0.06212741,2181.23
05/25/22,Jane Blake,Alfred Butler,Honda,F-150,2017,22369,0.095342474,2132.72
11/27/22,Jane Blake,Carol Henry,Honda,Corolla,2020,31386,0.118716579,3726.04
08/25/22,Jane Blake,Kayla Hernandez,Ford,Silverado,2011,36410,0.130661672,4757.39
05/04/22,Jane Blake,Mark Lynch,Ford,F-150,2011,14379,0.097430842,1400.96
07/15/22,Jane Blake,Jeffrey Shaffer,Nissan,Altima,2016,23105,0.062654758,1447.64
12/02/22,Jane Blake,Steven Jackson,Ford,Civic,2015,10684,0.141340114,1510.08
01/25/23,Jane Blake,Mark Beltran,Chevrolet,Silverado,2013,26965,0.075414616,2033.56
04/24/23,Jane Blake,Jason Williams,Honda,Civic,2013,45652,0.10347856,4724
07/18/22,Jane Blake,Casey Saunders,Chevrolet,Corolla,2011,46494,0.05097661,2370.11
08/02/22,Jane Blake,Brandon Waller,Ford,Civic,2010,24387,0.0838203,2044.13
07/26/22,Jane Blake,Brittany Miller,Nissan,Corolla,2011,19556,0.0823885,1611.19
04/13/23,Jane Blake,Jessica Brown,Chevrolet,F-150,2020,44640,0.108803219,4856.98
12/20/22,Jane Blake,Kristin Robinson,Toyota,Civic,2011,36895,0.128288109,4733.19
04/26/23,Jane Blake,Laura Brown,Toyota,Civic,2022,21492,0.132778844,2853.68
05/01/23,Jane Blake,Holly Jones,Nissan,F-150,2022,42275,0.125680852,5313.16
07/09/22,Jane Blake,Micheal Stevens,Honda,F-150,2012,33206,0.0615421,2043.57
02/04/23,Jane Blake,Brittany Gonzales,Chevrolet,Civic,2019,23249,0.141622041,3292.57
06/15/22,Jane Blake,Susan Chapman,Chevrolet,Altima,2014,39335,0.089459821,3518.9
06/13/22,Jane Blake,Michael Smith,Ford,Corolla,2011,13261,0.124442405,1650.23
03/02/23,Jane Blake,Michael Orozco,Honda,Altima,2019,34856,0.10998697,3833.71
11/14/22,Jane Blake,Jason Pugh,Chevrolet,Corolla,2018,19666,0.137933425,2712.6
07/26/22,Jane Blake,Clifford Evans,Nissan,Altima,2013,16797,0.144237331,2422.75
03/03/23,Jane Blake,Eric Thornton,Chevrolet,Civic,2015,45862,0.074396419,3411.97
01/25/23,Jane Blake,Chad Kim,Nissan,Corolla,2010,10388,0.122594946,1273.52
04/17/23,Jane Blake,Chelsea Webb,Chevrolet,Corolla,2014,19940,0.148989448,2970.85
04/27/23,Jane Blake,Brandon Wolf,Ford,Civic,2016,33607,0.131143636,4407.34
12/02/22,Jane Blake,Raymond Rocha,Chevrolet,Silverado,2010,47997,0.091992362,4415.36
12/02/22,Jane Blake,Rebecca Rasmussen,Nissan,Civic,2018,21151,0.071833004,1519.34
05/26/22,Jane Blake,Angela Santos,Nissan,Silverado,2012,12403,0.083677882,1037.86
08/18/22,Jane Blake,Amy Hawkins,Toyota,Corolla,2022,22985,0.104884417,2410.77
05/20/22,Jane Blake,Carol Turner,Ford,Civic,2014,27999,0.09029834,2528.26
09/03/22,Jane Blake,Mark Dudley,Nissan,Silverado,2020,13705,0.062327464,854.2
03/15/23,Jane Blake,Teresa Hamilton,Toyota,Altima,2018,48654,0.105972572,5155.99
08/06/22,Jane Blake,Jonathan Chaney,Honda,F-150,2021,28765,0.064203076,1846.8
01/22/23,Jane Blake,Jennifer Hernandez,Honda,Altima,2022,44752,0.080793011,3615.65
03/24/23,Jane Blake,Michael Dawson,Chevrolet,F-150,2012,17326,0.120964077,2095.82
07/26/22,Jane Blake,Dennis Weiss,Toyota,Civic,2016,31947,0.113557345,3627.82
02/03/23,Jane Blake,Nancy Cooley,Nissan,Silverado,2012,35616,0.148981016,5306.11
12/24/22,Jane Blake,Sherry Stewart,Honda,Civic,2016,48488,0.058161615,2820.14
03/08/23,Jane Blake,Alejandro Holt,Nissan,Civic,2014,14698,0.059679003,877.16
08/18/22,Jane Blake,Sara Patrick,Nissan,Corolla,2011,35218,0.088857862,3129.4
09/25/22,Jane Blake,Holly Hardy,Ford,F-150,2012,19446,0.128681649,2502.34
11/10/22,Jane Blake,Erica Merritt,Ford,Altima,2013,22291,0.111500129,2485.45
04/29/23,Jane Blake,Daniel Case DVM,Ford,Altima,2010,17862,0.107374253,1917.92
07/16/22,Jane Blake,Michele Simmons,Ford,F-150,2020,49596,0.106846933,5299.18
05/10/22,Jane Blake,Valerie Blackwell,Toyota,F-150,2021,31180,0.11401866,3555.1
12/27/22,Jane Blake,Kyle Stanley,Chevrolet,Corolla,2017,30993,0.147862009,4582.69
04/23/23,Jane Blake,Jerry Santana,Nissan,Civic,2011,30080,0.098835434,2972.97
10/09/22,Jane Blake,Kimberly Barber,Ford,Corolla,2022,45066,0.115557087,5207.7
03/13/23,Jane Blake,Carrie Hudson,Toyota,F-150,2016,45367,0.081734072,3708.03
02/16/23,Jane Blake,Amy Ray,Ford,Silverado,2012,15083,0.102747925,1549.75
06/13/22,Jane Blake,Jason Taylor,Toyota,Altima,2018,15421,0.092040097,1419.35
10/03/22,Jane Blake,Christopher Smith,Ford,Civic,2011,37862,0.087528529,3314.01
12/22/22,Jane Blake,Joshua Ali,Ford,Corolla,2014,38345,0.124913099,4789.79
09/20/22,Jane Blake,Mr. Johnny Bird Jr.,Nissan,Civic,2020,22486,0.054482428,1225.09
06/21/22,Jane Blake,Casey Meyer,Nissan,Silverado,2014,33888,0.094233762,3193.39
03/10/23,Jane Blake,Madison Rivera,Honda,F-150,2022,20819,0.099364416,2068.67
02/20/23,Jane Blake,Sandra Hopkins,Ford,Corolla,2014,21119,0.083031018,1753.53
08/13/22,Jane Blake,Benjamin Christian,Honda,Corolla,2017,36711,0.088956459,3265.68
02/21/23,Jane Blake,Ariana Boyd,Ford,Silverado,2018,27140,0.131605813,3571.78
06/10/22,Jane Blake,Adam Smith,Toyota,Civic,2013,49992,0.089107576,4454.67
01/24/23,Jane Blake,Timothy Hunter,Ford,F-150,2015,41863,0.12219697,5115.53
03/19/23,Jane Blake,Joseph Kerr,Ford,Silverado,2014,40621,0.0612262,2487.07
02/10/23,Jane Blake,Barry Decker,Nissan,Silverado,2019,13085,0.061858079,809.41
07/23/22,Jane Blake,Stephanie Grant,Nissan,Altima,2021,49877,0.05081818,2534.66
11/03/22,Jane Blake,Pamela Johnson,Honda,F-150,2022,26200,0.089780881,2352.26
06/22/22,Jane Blake,Michael Schultz,Ford,Altima,2012,22031,0.061820803,1361.97
01/14/23,Jane Blake,Robert Thompson,Toyota,Silverado,2011,10731,0.05528363,593.25
09/22/22,Jane Blake,Cynthia Jones,Nissan,Corolla,2013,14458,0.115309918,1667.15
09/02/22,Jane Blake,Kevin Harvey,Nissan,Altima,2016,28591,0.114410086,3271.1
05/12/22,Jane Blake,Caroline Cooley,Toyota,Altima,2019,20231,0.052301444,1058.11
10/24/22,Jane Blake,Danny Jackson,Nissan,Altima,2018,21042,0.093594318,1969.41
04/16/23,Jane Blake,Phillip Conley,Ford,F-150,2020,27795,0.0739954,2056.7
12/22/22,Jane Blake,Trevor Luna,Chevrolet,Altima,2022,13802,0.139050044,1919.17
07/19/22,Jane Blake,James Velazquez,Honda,Corolla,2010,24327,0.095457332,2322.19
06/01/22,Jane Blake,Tiffany Pruitt,Nissan,Civic,2020,38219,0.109529737,4186.12
07/17/22,Jane Blake,Jordan Bell,Toyota,Silverado,2014,36828,0.131398555,4839.15
03/19/23,Jane Blake,Anne Carr,Nissan,Corolla,2015,45089,0.127177228,5734.29
01/24/23,Jane Blake,Gary Rowland,Honda,Silverado,2020,48705,0.145584806,7090.71
03/13/23,Jane Blake,Robert Mason,Nissan,Civic,2012,41889,0.073070421,3060.85
09/21/22,Jane Blake,Steve Jones,Nissan,Altima,2012,26261,0.136785418,3592.12
09/07/22,Jane Blake,Mary Reed,Toyota,Silverado,2015,24562,0.068782744,1689.44
01/20/23,Jane Blake,Christina Long,Toyota,Civic,2017,29607,0.088374427,2616.5
02/17/23,Jane Blake,Denise Johnson,Nissan,Corolla,2021,23865,0.087417185,2086.21
06/08/22,Jane Blake,Matthew Guzman,Chevrolet,Corolla,2013,29710,0.086331454,2564.91
09/27/22,Jane Blake,Jessica Stevenson,Ford,Corolla,2022,21300,0.109362735,2329.43
02/03/23,Jane Blake,Leslie Garcia,Toyota,Corolla,2010,15839,0.130557471,2067.9
08/26/22,Jane Blake,Jasmine Hunt,Honda,Silverado,2010,38899,0.137512463,5349.1
01/25/23,Jane Blake,James Summers,Ford,F-150,2015,17171,0.142546731,2447.67
01/04/23,Jane Blake,Rachel Bowen,Nissan,F-150,2021,45151,0.077072302,3479.89
04/02/23,Jane Blake,Ann Franco,Honda,Altima,2016,46116,0.068313452,3150.34
03/17/23,Jane Blake,Herbert Harris PhD,Ford,F-150,2011,46299,0.08650304,4005
09/01/22,Jane Blake,Daniel Patterson Jr.,Honda,Corolla,2020,48729,0.053908033,2626.88
01/05/23,Jane Blake,Natalie Larson,Honda,Civic,2021,18067,0.13397473,2420.52
01/24/23,Jane Blake,Timothy Mccoy,Nissan,Silverado,2018,38307,0.07953119,3046.6
04/13/23,Jane Blake,Kevin Marshall,Honda,F-150,2016,20032,0.059540339,1192.71
11/26/22,Jane Blake,Julie Stanley,Chevrolet,Altima,2022,31407,0.128894781,4048.2
11/04/22,Jane Blake,Pamela Anderson,Ford,F-150,2015,43704,0.122541935,5355.57
04/06/23,Jane Blake,Rachel Smith,Nissan,Corolla,2011,14327,0.081209985,1163.5
01/06/23,Jane Blake,Drew Cantu,Nissan,Silverado,2012,43213,0.098891537,4273.4
12/06/22,Jane Blake,Kevin Miller,Toyota,Silverado,2015,13527,0.070974765,960.08
10/19/22,Jane Blake,Karen Rogers,Chevrolet,F-150,2010,25731,0.08813935,2267.91
09/27/22,Jane Blake,Jennifer Anderson,Nissan,Silverado,2014,35150,0.095719699,3364.55
01/16/23,Jane Blake,Julie Lewis,Nissan,Silverado,2020,47219,0.095960865,4531.18
05/11/22,Jane Blake,Katherine Henderson,Honda,Altima,2010,37699,0.106638356,4020.16
12/22/22,Jane Blake,Sarah Mason,Chevrolet,Corolla,2016,49985,0.13290165,6643.09
08/06/22,Jane Blake,Stephanie Carter,Toyota,Altima,2022,30713,0.113225416,3477.49
10/18/22,Jane Blake,Ryan Hernandez,Ford,Civic,2010,17532,0.126231783,2213.1
10/21/22,Jane Blake,Brandon Mills,Honda,Altima,2013,22879,0.127532029,2917.81
01/10/23,Jane Blake,Colin Wilson,Chevrolet,Corolla,2021,16613,0.091766969,1524.52
11/16/22,Jane Blake,Lori Byrd,Ford,Altima,2022,33493,0.146898115,4920.06
09/17/22,Jane Blake,Casey Marshall,Honda,Corolla,2020,10301,0.132313722,1362.96
09/07/22,Jane Blake,Daniel Bell,Ford,Altima,2021,16442,0.084761607,1393.65
12/11/22,Jane Blake,Jennifer Williams,Ford,Altima,2019,41513,0.05081388,2109.44
10/23/22,Jane Blake,Nancy Davis,Nissan,Altima,2014,42995,0.080287046,3451.94
02/17/23,Jane Blake,John Miles,Nissan,Silverado,2018,39961,0.08942382,3573.47
01/03/23,Jane Blake,Claudia Ali,Toyota,Altima,2022,43019,0.146540852,6304.04
06/02/22,Jane Blake,Aimee Brown,Nissan,Corolla,2020,26690,0.051902683,1385.28
02/27/23,Jane Blake,Jessica Richards,Honda,Altima,2020,13410,0.120811592,1620.08
01/02/23,Jane Blake,Caleb Bentley,Chevrolet,Altima,2011,29300,0.05043435,1477.73
04/05/23,Jane Blake,Adrian Parker,Ford,Silverado,2014,44008,0.085446035,3760.31
09/12/22,Jane Blake,Kevin Nguyen,Honda,F-150,2014,49261,0.105238885,5184.17
04/07/23,Jane Blake,Alejandra Olson,Toyota,Altima,2014,15008,0.056183241,843.2
10/06/22,Jane Blake,Paula Moore,Toyota,Corolla,2021,35318,0.141903391,5011.74
12/01/22,Jane Blake,Nathan Yang,Toyota,Civic,2015,38766,0.10444745,4049.01
03/16/23,Jane Blake,Audrey Gomez,Honda,Civic,2018,28160,0.092253837,2597.87
06/01/22,Jane Blake,Tommy Gonzalez,Nissan,Silverado,2018,48410,0.085320319,4130.36
09/28/22,Jane Blake,John Zimmerman,Ford,Silverado,2011,33111,0.109636754,3630.18
01/26/23,Jane Blake,Elizabeth Huber,Nissan,Altima,2011,15262,0.147417201,2249.88
01/25/23,Jane Blake,Robert Henry DDS,Nissan,Corolla,2017,27532,0.120323162,3312.74
06/23/22,Jane Blake,Anthony Fleming,Chevrolet,Corolla,2011,45287,0.085259211,3861.13
12/24/22,Jane Blake,Christie Odonnell,Chevrolet,F-150,2022,13280,0.122885977,1631.93
12/29/22,Jane Blake,Travis Fox,Honda,F-150,2021,45660,0.109158621,4984.18
06/12/22,Jane Blake,Juan Edwards,Nissan,Corolla,2022,19437,0.145242859,2823.09
01/28/23,Jane Blake,Jason Yates,Chevrolet,Corolla,2010,35786,0.08954102,3204.31
03/27/23,Jane Blake,George Sanchez,Ford,Altima,2021,33210,0.081960773,2721.92
01/27/23,Jane Blake,Catherine Ortega,Nissan,Silverado,2011,35883,0.141968814,5094.27
02/07/23,Jane Blake,John Parker,Honda,Silverado,2015,44779,0.10669721,4777.79
02/14/23,Jane Blake,Laura Jones,Toyota,F-150,2022,13756,0.138670924,1907.56
06/02/22,Jane Blake,Amy Jackson,Ford,Civic,2014,47209,0.062781519,2963.85
02/26/23,Jane Blake,Christopher Mason,Ford,Altima,2015,36964,0.147395046,5448.31
01/03/23,Jane Blake,Kristine Hernandez,Ford,Civic,2014,39908,0.108985073,4349.38
02/17/23,Jane Blake,Tracy Zavala,Toyota,Silverado,2016,34225,0.134712255,4610.53
08/08/22,Jane Blake,Brian Lamb,Nissan,Civic,2016,45824,0.105823117,4849.24
11/19/22,Jane Blake,Melissa Jones,Toyota,Altima,2014,33453,0.050688749,1695.69
06/17/22,Jane Blake,Kendra Stein,Nissan,Altima,2015,31143,0.132036253,4112.01
10/08/22,Jane Blake,Ryan Medina,Nissan,Civic,2016,38278,0.056340279,2156.59
08/17/22,Jane Blake,Colleen Fischer,Chevrolet,Altima,2021,17832,0.051852876,924.64
08/13/22,Jane Blake,Deborah Brock,Toyota,Silverado,2012,47068,0.125973042,5929.3
08/12/22,Jane Blake,Michael Hill,Nissan,Altima,2010,39916,0.052007775,2075.94
04/27/23,Jane Blake,Benjamin Meadows,Ford,Silverado,2011,32373,0.08936696,2893.08
01/27/23,Jane Blake,Jacqueline Anderson,Ford,F-150,2013,33901,0.112826036,3824.92
04/19/23,Jane Blake,Kelly Miller,Nissan,Civic,2015,16875,0.134927986,2276.91
11/11/22,Jane Blake,Robert Perry,Ford,Altima,2016,43292,0.092266785,3994.41
03/19/23,Jane Blake,Kristina Pierce,Toyota,F-150,2013,44257,0.148230507,6560.24
06/07/22,Jane Blake,Krystal Glass,Honda,Corolla,2014,25555,0.093254882,2383.13
01/19/23,Jane Blake,Mr. Shawn Johnson,Ford,Corolla,2018,10418,0.148482956,1546.9
07/02/22,Jane Blake,Jennifer Brown,Toyota,Altima,2015,36019,0.098335927,3541.96
09/13/22,Jane Blake,Jeffrey Cooper,Toyota,Civic,2020,37788,0.111346053,4207.54
04/07/23,Jane Blake,Roy Taylor DVM,Honda,F-150,2016,41683,0.064926365,2706.33
08/10/22,Jane Blake,Earl Brewer,Chevrolet,Civic,2010,29379,0.050842226,1493.69
09/11/22,Jane Blake,William Robbins,Toyota,Civic,2019,22170,0.116084205,2573.59
04/03/23,Jane Blake,Michael Lewis,Chevrolet,Altima,2017,26262,0.123232015,3236.32
01/20/23,Jane Blake,Matthew King,Chevrolet,F-150,2011,27052,0.13827327,3740.57
11/14/22,Jane Blake,Amanda Combs,Ford,Civic,2012,29108,0.122976628,3579.6
10/19/22,Jane Blake,Susan Phillips,Ford,F-150,2013,28150,0.146300357,4118.36
12/18/22,Jane Blake,William Wilkerson,Ford,Altima,2018,15427,0.080783407,1246.25
02/15/23,Jane Blake,Randall Yang,Toyota,Silverado,2014,37913,0.137417938,5209.93
06/12/22,Jane Blake,Joshua Chapman,Ford,Corolla,2011,46997,0.128886036,6057.26
10/05/22,Jane Blake,Kristine Davis,Nissan,Civic,2017,31808,0.081046637,2577.93
01/26/23,Jane Blake,Erin Adams,Chevrolet,F-150,2017,14384,0.071684029,1031.1
05/01/22,Jane Blake,Pamela Lynn,Chevrolet,Altima,2022,43674,0.099337365,4338.46
01/11/23,Jane Blake,Belinda Williams,Nissan,Civic,2021,31533,0.077679246,2449.46
05/14/22,Jane Blake,Deanna Newman,Toyota,F-150,2017,26826,0.056394134,1512.83
08/19/22,Jane Blake,Stephen Perez,Toyota,Silverado,2022,42409,0.116102507,4923.79
08/09/22,Jane Blake,Daniel Carpenter,Toyota,Civic,2014,22149,0.063746566,1411.92
08/18/22,Jane Blake,Joseph Wilcox,Chevrolet,Altima,2011,43489,0.050083041,2178.06
01/05/23,Jane Blake,Paul Walker,Toyota,Silverado,2022,31217,0.149164198,4656.46
05/28/22,Jane Blake,Lisa Robinson,Chevrolet,Altima,2012,19875,0.103349339,2054.07
05/02/22,Jane Blake,Pamela Sullivan,Ford,Altima,2018,48314,0.146809718,7092.96
05/07/22,Jane Blake,Roberta Wall,Nissan,F-150,2016,11280,0.132880034,1498.89
08/11/22,Jane Blake,Carl Maldonado,Ford,Corolla,2021,39594,0.099849612,3953.45
01/06/23,Jane Blake,Haley Sanders,Nissan,Altima,2019,13649,0.123331663,1683.35
06/14/22,Jane Blake,Mark Kim,Ford,Silverado,2018,33482,0.111091273,3719.56
08/12/22,Jane Blake,Lisa Anderson,Toyota,F-150,2011,29628,0.112326294,3328
09/29/22,Jane Blake,Timothy Mcbride,Ford,Altima,2017,23950,0.086129637,2062.8
03/09/23,Jane Blake,Christine Gross,Ford,Corolla,2012,44194,0.071895875,3177.37
07/23/22,Jane Blake,Lance Saunders,Toyota,F-150,2012,39783,0.123316272,4905.89
10/02/22,Jane Blake,Shannon Thomas,Honda,Silverado,2020,43465,0.07628592,3315.77
10/04/22,Jane Blake,Deborah Jones,Ford,Altima,2012,28323,0.137859612,3904.6
12/03/22,Jane Blake,Maria Lopez,Honda,Altima,2010,26309,0.07463372,1963.54
04/24/23,Jane Blake,Jessica Martin,Nissan,Civic,2014,13931,0.110384276,1537.76
06/12/22,Jane Blake,James Jones,Chevrolet,Silverado,2020,42369,0.082897167,3512.27
07/31/22,Jane Blake,Michael Shelton,Toyota,F-150,2017,31221,0.136595506,4264.65
10/02/22,Jane Blake,Traci Brown,Chevrolet,Silverado,2018,30254,0.080856571,2446.23
04/22/23,Jane Blake,James Yoder,Toyota,Silverado,2019,20929,0.084198548,1762.19
03/05/23,Jane Blake,Victor Atkins,Toyota,Civic,2018,24254,0.071781546,1740.99
09/17/22,Jane Blake,Emily Lewis,Nissan,Silverado,2022,19176,0.126458182,2424.96
08/16/22,Jane Blake,Erica Jones,Honda,Corolla,2011,15883,0.10601784,1683.88
07/31/22,Jane Blake,Dr. Roger Buchanan,Ford,Civic,2018,48897,0.116575624,5700.2
03/11/23,Jane Blake,Jonathan Robbins,Chevrolet,Corolla,2019,28858,0.087755924,2532.46
11/05/22,Jane Blake,Bryan Becker,Ford,Civic,2015,27807,0.091603518,2547.22
09/16/22,Jane Blake,Kelli Brown,Nissan,F-150,2015,42414,0.127581069,5411.22
01/05/23,Jane Blake,Donna Walker,Ford,Altima,2018,16734,0.089669198,1500.52
10/19/22,Jane Blake,Mary Hayes,Nissan,F-150,2012,41632,0.051645948,2150.12
03/07/23,Jane Blake,Michelle Scott,Toyota,Corolla,2022,25795,0.137500399,3546.82
11/21/22,Jane Blake,Nicole Warren,Nissan,Corolla,2012,40501,0.098344782,3983.06
08/11/22,Jane Blake,Mary Taylor,Chevrolet,Corolla,2015,23319,0.133155509,3105.05
10/26/22,Jane Blake,Monica Gray,Ford,Silverado,2014,44106,0.067442602,2974.62
02/27/23,Jane Blake,Amanda Mitchell,Ford,Silverado,2022,32233,0.116642969,3759.75
07/24/22,Jane Blake,Tammy Brown,Chevrolet,F-150,2018,31163,0.060057204,1871.56
01/10/23,Jane Blake,Samantha Hill,Chevrolet,Civic,2014,16606,0.117475392,1950.8
10/14/22,Jane Blake,Michelle Tate,Nissan,Altima,2011,15433,0.081175431,1252.78
06/09/22,Jane Blake,Jesse Walker,Chevrolet,F-150,2014,15751,0.102110742,1608.35
12/22/22,Jane Blake,Krista Fletcher,Nissan,Altima,2014,40734,0.075037564,3056.58
01/16/23,Jane Blake,Chris Hernandez,Chevrolet,Civic,2011,35487,0.105226947,3734.19
04/16/23,Jane Blake,Jeremy Nichols,Honda,F-150,2012,41658,0.098565873,4106.06
05/16/22,Jane Blake,Timothy Sims,Toyota,F-150,2018,44409,0.09709587,4311.93
02/06/23,Jane Blake,Holly Lee,Nissan,Altima,2011,24086,0.118587393,2856.3
11/19/22,Jane Blake,Morgan Blair,Toyota,Altima,2012,28391,0.122471068,3477.08
05/28/22,Jane Blake,Ryan Barnes,Ford,Civic,2019,24673,0.104844397,2586.83
05/08/22,Jane Blake,Katherine Levy,Toyota,Silverado,2012,30171,0.120451371,3634.14
06/09/22,Jane Blake,Nathaniel Baker,Chevrolet,F-150,2011,14156,0.131487807,1861.34
09/19/22,Jane Blake,Kathleen Perry,Nissan,Corolla,2021,30422,0.092048086,2800.29
08/25/22,Jane Blake,Cory Green,Chevrolet,F-150,2015,15892,0.106485028,1692.26
12/31/22,Jane Blake,Christina Holmes,Honda,Silverado,2021,12075,0.146471317,1768.64
05/10/22,Jane Blake,Brandon Kim,Chevrolet,Silverado,2016,19018,0.067879558,1290.93
01/24/23,Jane Blake,John Santiago,Chevrolet,Altima,2013,22172,0.072195476,1600.72
01/12/23,Jane Blake,Sharon Rasmussen,Honda,Civic,2015,14180,0.108396787,1537.07
02/03/23,Jane Blake,Julia Mcclain,Chevrolet,Altima,2019,28152,0.064239202,1808.46
06/19/22,Jane Blake,Dylan Myers,Ford,Silverado,2021,29753,0.056027948,1667
11/24/22,Jane Blake,Rebekah Holt,Toyota,Corolla,2010,45591,0.08206333,3741.35
08/05/22,Jane Blake,Alyssa Smith,Ford,Silverado,2021,10429,0.086556174,902.69
08/21/22,Jane Blake,James Perkins,Ford,Silverado,2021,34050,0.121878997,4149.98
10/16/22,Jane Blake,Mr. Kyle Patrick MD,Honda,Civic,2022,31238,0.098555281,3078.67
07/25/22,Jane Blake,Heather Heath,Chevrolet,Silverado,2018,34309,0.1103584,3786.29
02/27/23,Jane Blake,Samantha Hampton,Chevrolet,Altima,2022,32477,0.059000127,1916.15
02/14/23,Jane Blake,Mary Perry,Chevrolet,Corolla,2019,45162,0.133706822,6038.47
01/21/23,Jane Blake,Emma Taylor,Chevrolet,Silverado,2010,25317,0.135485691,3430.09
07/18/22,Jane Blake,Nancy Martinez,Chevrolet,Altima,2020,30184,0.136991193,4134.94
01/16/23,Jane Blake,Jessica Berry,Ford,Civic,2015,49402,0.054838674,2709.14
09/26/22,Jane Blake,Rebecca Boone,Ford,Altima,2012,11738,0.089704866,1052.96
10/07/22,Jane Blake,Brian Hall,Chevrolet,Civic,2022,33209,0.067175248,2230.82
05/01/23,Jane Blake,Jennifer Ramsey,Honda,Altima,2015,35703,0.08606601,3072.81
04/02/23,Jane Blake,Steven Schneider,Honda,Corolla,2017,39818,0.058919303,2346.05
12/29/22,Jane Blake,Christopher Alexander,Ford,Civic,2013,25256,0.055620882,1404.76
11/13/22,Jane Blake,Jennifer Hall,Chevrolet,Civic,2010,43050,0.114986185,4950.16
09/29/22,Jane Blake,Patrick Santiago,Toyota,Corolla,2014,15844,0.146573992,2322.32
12/04/22,Jane Blake,Jason Leonard,Honda,Silverado,2021,39490,0.111156479,4389.57
09/19/22,Jane Blake,Stephanie Bowman,Chevrolet,Altima,2013,27330,0.065624319,1793.51
09/11/22,Jane Blake,Roger Livingston,Toyota,Corolla,2013,22195,0.112361865,2493.87
05/14/22,Jane Blake,Mrs. Jessica Wilson MD,Toyota,Silverado,2017,12013,0.085403389,1025.95
07/13/22,Jane Blake,Candace Rowe,Toyota,F-150,2015,41509,0.061438864,2550.27
01/28/23,Jane Blake,John Orozco,Honda,F-150,2022,47277,0.070577033,3336.67
03/22/23,Jane Blake,Dillon Johnson,Honda,Silverado,2012,49929,0.093433692,4665.05
03/26/23,Jane Blake,Erin Sullivan,Nissan,Corolla,2021,44351,0.127352042,5648.19
12/04/22,Jane Blake,Carrie Boyd,Chevrolet,F-150,2013,49855,0.144553721,7206.73
05/29/22,Jane Blake,Rebecca Best,Ford,Altima,2017,36409,0.122348852,4454.6
04/28/23,Jane Blake,Mario Rivera,Ford,Corolla,2014,48510,0.133321137,6467.41
03/12/23,Jane Blake,Carlos Phelps,Ford,Civic,2010,12103,0.053400818,646.31
05/29/22,Jane Blake,Eric Durham,Nissan,F-150,2020,22348,0.077804785,1738.78
10/24/22,Jane Blake,Sarah Cochran,Chevrolet,Silverado,2018,26811,0.140135159,3757.16
02/07/23,Michelle Coleman,Scott Miller,Ford,Civic,2022,41253,0.138093093,5696.75
11/22/22,Michelle Coleman,Ellen Brewer,Toyota,Altima,2010,44249,0.064748187,2865.04
04/16/23,Michelle Coleman,Thomas Blankenship,Chevrolet,Altima,2014,31462,0.103951021,3270.51
03/14/23,Michelle Coleman,Joshua Brown,Honda,F-150,2012,23467,0.145472178,3413.8
08/17/22,Michelle Coleman,Jessica Hamilton,Nissan,Altima,2020,17715,0.114374962,2026.15
06/08/22,Michelle Coleman,Krista Walters,Chevrolet,F-150,2016,22274,0.112182648,2498.76
08/19/22,Michelle Coleman,Ashley Nelson,Toyota,Corolla,2012,46203,0.067851123,3134.93
10/10/22,Michelle Coleman,Holly Howard,Chevrolet,Corolla,2011,11476,0.050311731,577.38
03/31/23,Michelle Coleman,Leslie Kim,Ford,Civic,2013,19851,0.077311844,1534.72
02/03/23,Michelle Coleman,Julie Jones,Nissan,Altima,2014,33157,0.133331383,4420.87
05/14/22,Michelle Coleman,Ronald Sullivan,Toyota,Altima,2020,18818,0.055006177,1035.11
07/19/22,Michelle Coleman,Michael Torres,Honda,Corolla,2021,13720,0.071075203,975.15
12/24/22,Michelle Coleman,Stephen Olson,Toyota,F-150,2016,29498,0.073077563,2155.64
02/09/23,Michelle Coleman,Andrew Malone,Ford,Silverado,2011,38748,0.100595044,3897.86
12/16/22,Michelle Coleman,Edgar Smith,Nissan,Corolla,2011,29018,0.145968717,4235.72
06/28/22,Michelle Coleman,Calvin Rodriguez,Nissan,Altima,2022,20776,0.086340775,1793.82
08/07/22,Michelle Coleman,Julie Gonzalez,Toyota,F-150,2019,36554,0.073470815,2685.65
09/02/22,Michelle Coleman,Michael Moore,Chevrolet,Altima,2012,37275,0.063283803,2358.9
12/16/22,Michelle Coleman,Katelyn Mercado,Nissan,F-150,2018,14023,0.116598105,1635.06
03/04/23,Michelle Coleman,Dominique Carlson,Ford,Civic,2020,37065,0.079866543,2960.25
06/18/22,Michelle Coleman,Mark Johnson,Toyota,Civic,2021,31604,0.095496098,3018.06
12/29/22,Michelle Coleman,Brandon Sweeney,Ford,Civic,2022,13712,0.085053343,1166.25
02/18/23,Michelle Coleman,Kristy Brown,Nissan,Altima,2011,16779,0.097095229,1629.16
09/28/22,Michelle Coleman,Juan Davies,Ford,Corolla,2014,24128,0.084780882,2045.59
08/07/22,Michelle Coleman,Taylor Phillips,Ford,Altima,2022,34566,0.123452065,4267.24
06/10/22,Michelle Coleman,Joseph Davis,Chevrolet,F-150,2022,43427,0.101289257,4398.69
11/02/22,Michelle Coleman,Michael Payne,Toyota,F-150,2010,13630,0.124819039,1701.28
06/04/22,Michelle Coleman,Sharon Brooks,Ford,Civic,2019,10371,0.104990942,1088.86
02/06/23,Michelle Coleman,Megan Myers,Ford,Silverado,2010,25608,0.126285998,3233.93
05/25/22,Michelle Coleman,Andrea Diaz,Ford,Silverado,2014,37862,0.147721215,5593.02
12/18/22,Michelle Coleman,Sergio Johnson,Toyota,Silverado,2020,49710,0.128431002,6384.31
01/03/23,Michelle Coleman,Veronica White,Ford,Altima,2014,24010,0.142086508,3411.5
05/12/22,Michelle Coleman,Jesse Wilson,Ford,Altima,2016,29570,0.146614185,4335.38
09/04/22,Michelle Coleman,Derrick Hernandez,Chevrolet,Corolla,2021,30719,0.089019853,2734.6
07/17/22,Michelle Coleman,Katherine Henry,Nissan,Silverado,2010,13970,0.083736968,1169.81
08/20/22,Michelle Coleman,Samantha White,Ford,Altima,2020,26205,0.148044254,3879.5
03/12/23,Michelle Coleman,Francisco Schneider,Ford,Altima,2019,42766,0.095125585,4068.14
01/30/23,Michelle Coleman,Anthony Gordon,Ford,F-150,2010,14816,0.069903865,1035.7
06/23/22,Michelle Coleman,Kathy Shelton,Ford,F-150,2015,22516,0.074530461,1678.13
04/19/23,Michelle Coleman,Clarence Ramirez,Chevrolet,F-150,2015,39499,0.137389423,5426.74
12/24/22,Michelle Coleman,Nicole Vargas,Honda,F-150,2015,38133,0.099197702,3782.71
03/03/23,Michelle Coleman,Tyler Fisher,Honda,Corolla,2011,43303,0.096835186,4193.25
08/01/22,Michelle Coleman,Mary Butler,Nissan,Altima,2018,15983,0.070495228,1126.73
12/26/22,Michelle Coleman,Samuel Harris,Toyota,F-150,2017,32964,0.114420208,3771.75
10/07/22,Michelle Coleman,Audrey Perry,Toyota,Corolla,2022,26862,0.09513501,2555.52
04/24/23,Michelle Coleman,Harold Berry,Chevrolet,Civic,2019,18229,0.115410808,2103.82
09/05/22,Michelle Coleman,Martin Wells,Toyota,Civic,2017,25635,0.147659518,3785.25
06/25/22,Michelle Coleman,Joseph Pierce,Ford,F-150,2014,17214,0.104834814,1804.63
05/12/22,Michelle Coleman,Patricia Serrano,Toyota,Silverado,2016,44286,0.092961589,4116.9
05/06/22,Michelle Coleman,Tanner Collier,Chevrolet,Civic,2018,41520,0.068166132,2830.26
04/25/23,Michelle Coleman,Sara Fletcher,Chevrolet,Corolla,2017,29602,0.078947128,2336.99
09/26/22,Michelle Coleman,Mrs. Michele Edwards,Nissan,F-150,2010,41626,0.118691638,4940.66
05/30/22,Michelle Coleman,Tonya Hart,Ford,Corolla,2022,20429,0.112564318,2299.58
12/23/22,Michelle Coleman,Kyle Collins,Honda,Altima,2018,21350,0.103338049,2206.27
06/08/22,Michelle Coleman,Sonya Williams,Chevrolet,Civic,2017,48412,0.120838503,5850.03
05/12/22,Michelle Coleman,Courtney Wright,Honda,F-150,2012,35800,0.06054802,2167.62
12/03/22,Michelle Coleman,Christopher Dominguez,Chevrolet,Civic,2015,24760,0.100993346,2500.6
02/11/23,Michelle Coleman,Travis Barnes,Toyota,Altima,2010,35908,0.064526477,2317.02
06/21/22,Michelle Coleman,Hannah Roach,Nissan,Civic,2013,35183,0.065415568,2301.52
06/27/22,Michelle Coleman,Lisa Harding,Ford,F-150,2015,25131,0.136002949,3417.89
05/18/22,Michelle Coleman,Kathy King,Nissan,F-150,2019,11869,0.081863306,971.64
10/10/22,Michelle Coleman,Brittany Hayes,Ford,Altima,2017,47950,0.064287316,3082.58
01/03/23,Michelle Coleman,Jessica Becker,Ford,Civic,2011,20900,0.126024872,2633.92
10/08/22,Michelle Coleman,Sharon Maxwell,Chevrolet,Altima,2020,13726,0.073201226,1004.76
09/15/22,Michelle Coleman,Kevin Williams,Ford,Corolla,2010,32473,0.062606618,2033.02
05/28/22,Michelle Coleman,Sara King,Honda,Silverado,2018,22897,0.078824478,1804.84
01/31/23,Michelle Coleman,Kenneth Tyler,Nissan,Altima,2017,31156,0.102393778,3190.18
07/24/22,Michelle Coleman,Joseph Huff,Chevrolet,Silverado,2018,11459,0.080528561,922.78
12/24/22,Michelle Coleman,Eric Edwards,Ford,F-150,2011,45422,0.143051189,6497.67
03/07/23,Michelle Coleman,Donald Diaz,Toyota,Silverado,2022,20930,0.062233074,1302.54
12/12/22,Michelle Coleman,Eric Anderson,Toyota,Silverado,2021,39607,0.100422876,3977.45
10/16/22,Michelle Coleman,Leslie Shepherd,Ford,Civic,2020,12512,0.111586664,1396.17
11/28/22,Michelle Coleman,Theresa Perry,Chevrolet,F-150,2019,34748,0.061641006,2141.9
04/05/23,Michelle Coleman,Mr. Jake Marquez,Ford,Altima,2019,26971,0.122022775,3291.08
08/10/22,Michelle Coleman,Richard Wolf,Ford,Civic,2012,31941,0.102854838,3285.29
06/20/22,Michelle Coleman,Michael Bond,Ford,Altima,2015,46233,0.071623758,3311.38
08/22/22,Michelle Coleman,Steven Walters,Chevrolet,F-150,2010,20202,0.141577765,2860.15
05/27/22,Michelle Coleman,Allen Alvarado,Nissan,F-150,2020,24728,0.064195376,1587.42
02/04/23,Michelle Coleman,Johnathan Ramos,Chevrolet,F-150,2020,48884,0.063095077,3084.34
01/01/23,Michelle Coleman,Barbara Wong,Honda,Altima,2013,20067,0.148151975,2972.97
04/27/23,Michelle Coleman,Christina Daniels,Toyota,Civic,2010,36650,0.142428779,5220.01
02/17/23,Michelle Coleman,Michael Hansen,Honda,Silverado,2016,33218,0.105672028,3510.21
05/26/22,Michelle Coleman,Stacey Brown,Ford,F-150,2016,43773,0.124348166,5443.09
11/01/22,Michelle Coleman,Christie Hunter,Toyota,Altima,2015,48969,0.079225824,3879.61
09/06/22,Michelle Coleman,Rickey Price,Toyota,Corolla,2019,33100,0.062604593,2072.21
03/09/23,Michelle Coleman,Alison Walker,Ford,Altima,2014,28796,0.093451209,2691.02
08/20/22,Michelle Coleman,John Jones,Nissan,Altima,2019,11928,0.081227811,968.89
07/21/22,Michelle Coleman,Michael Michael,Toyota,F-150,2014,46329,0.053654741,2485.77
10/04/22,Michelle Coleman,Jordan Sanford,Chevrolet,Altima,2012,44633,0.054078941,2413.71
11/13/22,Michelle Coleman,Nathan Diaz,Nissan,Corolla,2011,14507,0.085988837,1247.44
02/15/23,Michelle Coleman,Gina Hall,Nissan,Silverado,2022,12470,0.148258242,1848.78
06/30/22,Michelle Coleman,Dr. Jennifer Carter,Honda,F-150,2010,23844,0.128046733,3053.15
09/04/22,Michelle Coleman,Johnny Scott,Ford,Altima,2013,41937,0.092190722,3866.2
05/05/22,Michelle Coleman,Kimberly Lawrence,Nissan,Altima,2022,33401,0.100372788,3352.55
02/24/23,Michelle Coleman,Julie Lowe,Nissan,F-150,2013,49436,0.070227879,3471.79
01/14/23,Michelle Coleman,Jeffrey Thompson,Chevrolet,Corolla,2020,12813,0.077213188,989.33
07/17/22,Michelle Coleman,Corey West,Honda,Corolla,2018,28406,0.085246638,2421.52
11/01/22,Michelle Coleman,Thomas Edwards,Ford,Silverado,2015,11599,0.106657735,1237.12
06/07/22,Michelle Coleman,Crystal Davis,Nissan,Silverado,2012,40470,0.130053016,5263.25
10/25/22,Michelle Coleman,Cynthia Cabrera,Chevrolet,Silverado,2018,21527,0.128155872,2758.81
05/17/22,Michelle Coleman,Sheena Lewis,Chevrolet,Silverado,2016,28204,0.092110884,2597.9
04/09/23,Michelle Coleman,Daniel Atkins,Honda,F-150,2019,34314,0.123343081,4232.39
05/29/22,Michelle Coleman,Rachel Ward,Ford,F-150,2019,28504,0.145222424,4139.42
02/20/23,Michelle Coleman,Krista Estes,Ford,Altima,2018,18932,0.105056256,1988.93
01/12/23,Michelle Coleman,William Weber,Nissan,Altima,2020,45815,0.056991191,2611.05
10/07/22,Michelle Coleman,Christian Ortega,Honda,Civic,2010,18074,0.106914546,1932.37
08/26/22,Michelle Coleman,Monica Anderson,Ford,F-150,2016,42162,0.092738256,3910.03
11/18/22,Michelle Coleman,Linda Parker,Nissan,Corolla,2011,24953,0.104874194,2616.93
07/17/22,Michelle Coleman,Michael Carlson,Ford,Civic,2013,31900,0.07614751,2429.11
01/23/23,Michelle Coleman,Vanessa Gallegos,Toyota,Corolla,2019,21890,0.058922135,1289.81
05/20/22,Michelle Coleman,Antonio Atkins IV,Ford,Silverado,2019,32745,0.137610178,4506.05
08/10/22,Michelle Coleman,Randall Thompson,Ford,F-150,2013,14744,0.085092622,1254.61
05/31/22,Michelle Coleman,Michelle Stone,Nissan,Silverado,2013,38692,0.072503982,2805.32
10/14/22,Michelle Coleman,Cassandra Ayala,Toyota,Corolla,2014,17714,0.083874231,1485.75
03/08/23,Michelle Coleman,Marilyn Valdez,Chevrolet,Corolla,2011,48755,0.114151428,5565.45
10/22/22,Michelle Coleman,Marc Gonzalez,Honda,Silverado,2019,17542,0.128724986,2258.09
07/15/22,Michelle Coleman,Stephen Webb,Nissan,Altima,2019,37245,0.097744558,3640.5
01/30/23,Michelle Coleman,Lisa Holloway,Chevrolet,F-150,2016,45100,0.128059782,5775.5
11/13/22,Michelle Coleman,Lisa Wilson,Honda,Altima,2011,30348,0.05072425,1539.38
03/09/23,Michelle Coleman,Caitlin Hughes,Nissan,Civic,2011,43101,0.090237164,3889.31
08/19/22,Michelle Coleman,Jennifer Ritter,Honda,Corolla,2016,47608,0.123129616,5861.95
09/25/22,Michelle Coleman,Scott Humphrey,Chevrolet,Silverado,2010,13906,0.095843234,1332.8
05/04/22,Michelle Coleman,Larry Andrews,Toyota,Altima,2022,31836,0.120816604,3846.32
06/22/22,Michelle Coleman,John Bell,Chevrolet,Silverado,2017,25916,0.131222293,3400.76
08/07/22,Michelle Coleman,Donna Howe,Honda,Corolla,2015,19543,0.075213707,1469.9
01/03/23,Michelle Coleman,Susan Flynn,Ford,Civic,2010,38659,0.114633062,4431.6
08/02/22,Michelle Coleman,Matthew Taylor,Honda,Civic,2013,33698,0.148967374,5019.9
01/29/23,Michelle Coleman,Justin Gray,Toyota,Silverado,2022,48224,0.090592146,4368.72
04/19/23,Michelle Coleman,Cody Benton,Toyota,Civic,2018,26323,0.09552041,2514.38
09/01/22,Michelle Coleman,Mary Rogers,Nissan,Altima,2010,22113,0.07173745,1586.33
08/02/22,Michelle Coleman,Samuel Wolfe,Chevrolet,Altima,2018,43594,0.057084698,2488.55
09/09/22,Michelle Coleman,Daniel Lin,Toyota,Civic,2018,46507,0.145953665,6787.87
12/16/22,Michelle Coleman,Hannah Brown,Chevrolet,Civic,2016,30472,0.115036999,3505.41
10/23/22,Michelle Coleman,Brian Bates,Honda,Silverado,2017,27318,0.060005939,1639.24
04/29/23,Michelle Coleman,Samantha Simmons,Toyota,Altima,2017,46890,0.10434781,4892.87
12/26/22,Michelle Coleman,Stephanie Garcia,Nissan,F-150,2016,48180,0.113473923,5467.17
04/23/23,Michelle Coleman,Kirk Lowe,Toyota,Altima,2017,29442,0.149890205,4413.07
01/24/23,Michelle Coleman,Jennifer Cohen,Chevrolet,F-150,2019,26875,0.115654698,3108.22
06/16/22,Michelle Coleman,Dana Mata,Ford,Corolla,2010,31026,0.071262414,2210.99
01/16/23,Michelle Coleman,Megan Roberts,Honda,Corolla,2013,22947,0.131050715,3007.22
10/13/22,Michelle Coleman,Larry Pugh,Chevrolet,Corolla,2021,28352,0.121222839,3436.91
05/27/22,Michelle Coleman,Arthur Shepherd,Nissan,F-150,2017,33157,0.085035298,2819.52
01/31/23,Michelle Coleman,Julia Gardner,Toyota,F-150,2018,13871,0.13404394,1859.32
01/08/23,Michelle Coleman,Mr. Eric Powell,Ford,Altima,2010,47997,0.101196388,4857.12
10/20/22,Michelle Coleman,Lauren Medina,Honda,Civic,2022,27981,0.103730165,2902.47
09/23/22,Michelle Coleman,Grant Lane,Honda,Altima,2013,30154,0.091494419,2758.92
02/16/23,Michelle Coleman,George Kennedy,Toyota,Silverado,2019,28768,0.097124055,2794.06
01/26/23,Michelle Coleman,Heather Salinas,Honda,Silverado,2016,20154,0.069222049,1395.1
08/12/22,Michelle Coleman,Robin Mcintosh,Ford,Civic,2021,33221,0.087297164,2900.1
03/15/23,Michelle Coleman,Richard Pierce,Nissan,F-150,2016,38474,0.134438837,5172.4
08/26/22,Michelle Coleman,Christopher Nunez,Chevrolet,Corolla,2019,30536,0.104715726,3197.6
05/01/22,Michelle Coleman,Tina Zimmerman,Toyota,Altima,2010,11040,0.067260471,742.56
08/21/22,Michelle Coleman,Timothy Ellis,Toyota,Corolla,2011,27133,0.073526554,1995
02/06/23,Michelle Coleman,Gabriel Garcia,Chevrolet,Altima,2019,41842,0.146453913,6127.92
03/22/23,Michelle Coleman,Adam Richardson,Nissan,Altima,2019,25601,0.098465809,2520.82
09/25/22,Michelle Coleman,Jose Arroyo,Nissan,Silverado,2022,22944,0.124915533,2866.06
10/01/22,Michelle Coleman,Patrick Taylor,Ford,Altima,2014,23876,0.091679679,2188.94
12/12/22,Michelle Coleman,Kathleen Smith,Chevrolet,Civic,2017,31367,0.072717467,2280.93
08/31/22,Michelle Coleman,Benjamin Boyle,Honda,Civic,2017,14344,0.141775724,2033.63
12/31/22,Michelle Coleman,Mary Wong,Toyota,Silverado,2018,17650,0.105740363,1866.32
06/03/22,Michelle Coleman,Miss Holly Phillips,Ford,Corolla,2013,40917,0.100602275,4116.34
02/12/23,Michelle Coleman,Carol Dominguez,Ford,Altima,2021,14068,0.088390305,1243.47
07/18/22,Michelle Coleman,Diana Brown,Nissan,Altima,2017,32176,0.083234192,2678.14
11/28/22,Michelle Coleman,Dana Hampton,Nissan,Corolla,2018,48099,0.128783715,6194.37
10/12/22,Michelle Coleman,Angela Dudley,Honda,Altima,2012,29868,0.14301544,4271.59
04/15/23,Michelle Coleman,Pamela Fisher,Ford,Altima,2010,31507,0.141868078,4469.84
06/23/22,Michelle Coleman,David Wagner,Chevrolet,F-150,2016,33502,0.122923326,4118.18
04/19/23,Michelle Coleman,Anna Jacobson,Nissan,Corolla,2021,29407,0.099826426,2935.6
06/27/22,Michelle Coleman,Bradley Gardner,Chevrolet,F-150,2015,15027,0.134896494,2027.09
02/18/23,Michelle Coleman,Johnny Andersen,Nissan,Silverado,2015,26833,0.131267123,3522.29
12/09/22,Michelle Coleman,Kelly Tran,Ford,Civic,2012,30782,0.054496153,1677.5
02/03/23,Michelle Coleman,Patrick Thomas,Ford,Civic,2016,45257,0.092801954,4199.94
10/11/22,Michelle Coleman,Julie Flowers,Ford,Civic,2010,17750,0.124566978,2211.06
05/13/22,Michelle Coleman,Robin Gay,Ford,Silverado,2013,46053,0.140769818,6482.87
04/07/23,Michelle Coleman,William Garcia,Nissan,Civic,2022,16054,0.097667947,1567.96
04/19/23,Michelle Coleman,Ashley Smith,Toyota,Altima,2021,35049,0.066628941,2335.28
04/27/23,Michelle Coleman,Sherry Brooks,Honda,Silverado,2010,25490,0.053162414,1355.11
08/16/22,Michelle Coleman,Casey Jones,Toyota,Civic,2018,28871,0.083202248,2402.13
07/23/22,Michelle Coleman,Debra Freeman,Nissan,Altima,2021,11303,0.113273278,1280.33
05/27/22,Michelle Coleman,Christine Bradford,Nissan,Civic,2012,25447,0.135362994,3444.58
09/02/22,Michelle Coleman,Stephanie Smith,Ford,Corolla,2021,27337,0.099503651,2720.13
01/11/23,Michelle Coleman,Shane Wilson,Chevrolet,Corolla,2020,42351,0.059670817,2527.12
09/28/22,Michelle Coleman,John Maddox,Nissan,F-150,2012,33079,0.125041684,4136.25
03/15/23,Michelle Coleman,Lydia Fleming,Ford,F-150,2022,32055,0.062044505,1988.84
10/24/22,Michelle Coleman,April Allen,Toyota,Silverado,2020,27854,0.10729293,2988.54
12/23/22,Michelle Coleman,Joseph Tran,Toyota,Corolla,2010,46665,0.11008936,5137.32
12/11/22,Michelle Coleman,Jason Klein,Ford,Altima,2013,19841,0.050780986,1007.55
09/15/22,Michelle Coleman,Michelle Long,Toyota,F-150,2016,44329,0.094286252,4179.62
09/04/22,Michelle Coleman,Philip Spears,Honda,Civic,2015,11037,0.06595664,727.96
03/25/23,Michelle Coleman,Shane Underwood,Nissan,F-150,2021,46775,0.128325122,6002.41
01/11/23,Michelle Coleman,Becky Castillo,Toyota,F-150,2020,45908,0.135212639,6207.34
09/07/22,Michelle Coleman,Miranda Moore,Ford,F-150,2017,40988,0.079246562,3248.16
05/24/22,Michelle Coleman,Zachary Freeman,Toyota,Civic,2012,46092,0.079424325,3660.83
11/27/22,Michelle Coleman,Angela Martin,Honda,F-150,2011,29379,0.088440424,2598.29
12/30/22,Michelle Coleman,Kelly Beasley,Chevrolet,Altima,2013,15064,0.053381651,804.14
11/05/22,Michelle Coleman,Joseph Livingston,Chevrolet,F-150,2014,42602,0.092817109,3954.19
02/19/23,Michelle Coleman,Jeremy Jones,Nissan,Civic,2018,16314,0.149343526,2436.39
04/10/23,Michelle Coleman,Brendan Singleton MD,Chevrolet,F-150,2013,21033,0.099811476,2099.33
10/09/22,Michelle Coleman,Grace Elliott,Ford,F-150,2018,26395,0.056630215,1494.75
03/24/23,Michelle Coleman,Angela Dunlap,Nissan,Civic,2018,33991,0.088852281,3020.18
11/09/22,Michelle Coleman,Rodney Wiggins,Ford,F-150,2013,39055,0.128945116,5035.95
08/20/22,Michelle Coleman,Carolyn Reeves,Nissan,Corolla,2010,27133,0.061846003,1678.07
05/09/22,Michelle Coleman,Logan Johnston,Ford,Altima,2019,44492,0.080841135,3596.78
09/13/22,Michelle Coleman,Crystal Norris,Chevrolet,Altima,2016,33534,0.100419121,3367.45
04/18/23,Michelle Coleman,Tina Simpson,Nissan,Civic,2013,14671,0.137177572,2012.53
05/30/22,Michelle Coleman,Erin King,Nissan,Corolla,2021,28204,0.105018945,2961.95
03/22/23,Michelle Coleman,Heather Norris,Honda,Silverado,2020,26909,0.117004115,3148.46
02/19/23,Michelle Coleman,Jesse Snow,Toyota,F-150,2016,16150,0.108056752,1745.12
12/27/22,Michelle Coleman,Julie Avery,Chevrolet,Corolla,2020,12805,0.075713054,969.51
05/01/22,Michelle Coleman,Wesley Snow,Nissan,Silverado,2017,18213,0.065762223,1197.73
02/23/23,Michelle Coleman,Katherine Arroyo,Honda,F-150,2020,20478,0.126595745,2592.43
09/02/22,Michelle Coleman,Tina Garcia,Toyota,Altima,2014,45067,0.117767259,5307.42
10/22/22,Michelle Coleman,Sharon Mccullough,Toyota,Corolla,2015,44845,0.069747525,3127.83
09/13/22,Michelle Coleman,Cheryl Anthony,Ford,F-150,2021,44738,0.144108664,6447.13
10/22/22,Michelle Coleman,Justin Lozano,Toyota,Silverado,2018,38643,0.101683312,3929.35
06/27/22,Michelle Coleman,Audrey Cooper,Ford,Civic,2017,28539,0.107540134,3069.09
09/05/22,Michelle Coleman,April Morales,Ford,Silverado,2022,43188,0.099220141,4285.12
07/05/22,Michelle Coleman,Regina Moody,Ford,Corolla,2022,11460,0.081997547,939.69
02/09/23,Michelle Coleman,Emily Moses,Honda,Silverado,2014,39757,0.136853463,5440.88
12/02/22,Michelle Coleman,Chase Oneill,Ford,Corolla,2022,17038,0.081520369,1388.94
09/09/22,Michelle Coleman,Christopher Perry,Chevrolet,F-150,2015,44518,0.130531497,5811
09/11/22,Michelle Coleman,Julian Johns,Nissan,Civic,2013,36025,0.079009397,2846.31
06/04/22,Michelle Coleman,Alice Mendoza,Chevrolet,Civic,2013,19869,0.057146952,1135.45
12/20/22,Michelle Coleman,Zachary Wiggins,Nissan,Corolla,2017,33724,0.112299849,3787.2
03/29/23,Michelle Coleman,Tracey Andrews,Toyota,Civic,2012,22821,0.07895416,1801.81
07/27/22,Michelle Coleman,Laura Ramirez,Ford,Silverado,2012,49621,0.104364267,5178.66
11/17/22,Michelle Coleman,Miranda Stanley,Chevrolet,Altima,2022,33110,0.122285942,4048.89
03/20/23,Michelle Coleman,Cynthia Douglas,Nissan,Silverado,2022,43319,0.114084092,4942.01
09/21/22,Michelle Coleman,Eric Tucker,Honda,F-150,2011,21038,0.086813165,1826.38
10/12/22,Michelle Coleman,Krystal Johnson,Nissan,Civic,2016,13551,0.098866848,1339.74
01/12/23,Michelle Coleman,Margaret Burke,Toyota,Altima,2010,45213,0.113915445,5150.46
11/20/22,Michelle Coleman,Jade Taylor,Nissan,Civic,2021,11516,0.081035957,933.21
04/28/23,Michelle Coleman,Andrea Shepherd,Chevrolet,Civic,2020,15607,0.106768286,1666.33
08/01/22,Michelle Coleman,Robert Tucker,Ford,Civic,2013,28149,0.071137321,2002.44
06/19/22,Michelle Coleman,Raymond Hinton,Honda,Altima,2018,13827,0.062681812,866.7
05/12/22,Michelle Coleman,David Camacho,Honda,Silverado,2014,12312,0.144252967,1776.04
09/23/22,Michelle Coleman,Jane Davis,Ford,Civic,2019,25269,0.096116083,2428.76
07/18/22,Michelle Coleman,Madeline Mosley,Ford,Civic,2021,45789,0.124917189,5719.83
02/24/23,Michelle Coleman,Carl Hernandez,Toyota,Corolla,2017,20553,0.080773672,1660.14
11/30/22,Michelle Coleman,Virginia Joyce,Toyota,Corolla,2016,14609,0.091409362,1335.4
05/02/22,Michelle Coleman,Lori Baldwin,Nissan,Corolla,2014,46200,0.146504129,6768.49
05/03/22,Michelle Coleman,Tammy Bailey,Honda,F-150,2021,39692,0.129746192,5149.89
04/19/23,Michelle Coleman,Jessica Collins MD,Ford,Corolla,2020,39479,0.103362388,4080.64
10/28/22,Michelle Coleman,Nancy Miller,Toyota,Altima,2012,43422,0.08840186,3838.59
12/23/22,Michelle Coleman,John Glenn,Toyota,F-150,2015,46673,0.102520665,4784.95
11/21/22,Michelle Coleman,Donna Jones,Ford,Civic,2017,46640,0.140119304,6535.16
12/18/22,Michelle Coleman,John Olsen,Ford,Altima,2015,14769,0.077246935,1140.86
04/03/23,Michelle Coleman,Eric Lawrence Jr.,Honda,Civic,2022,21301,0.053336565,1136.12
08/12/22,Michelle Coleman,Sheila Huynh,Honda,Civic,2022,49757,0.066384431,3303.09
07/28/22,Michelle Coleman,Diana Francis,Ford,Corolla,2019,41606,0.129182518,5374.77
06/28/22,Michelle Coleman,Douglas Roach,Nissan,Corolla,2021,48317,0.137544482,6645.74
09/13/22,Michelle Coleman,Adrian Johnson,Nissan,Silverado,2012,16192,0.088209016,1428.28
01/30/23,Michelle Coleman,Andrew Holmes,Honda,Altima,2012,42396,0.124232965,5266.98
10/10/22,Michelle Coleman,Dawn Bell,Ford,Silverado,2014,20145,0.10166231,2047.99
04/20/23,Michelle Coleman,Jamie Tucker,Toyota,Civic,2013,35471,0.104025054,3689.87
03/23/23,Michelle Coleman,Dr. Martin Simmons PhD,Chevrolet,Civic,2022,20875,0.091517551,1910.43
09/21/22,Michelle Coleman,Jonathan Villa,Toyota,Civic,2019,25195,0.080060237,2017.12
08/14/22,Michelle Coleman,Kenneth Jacobs,Ford,Corolla,2019,35136,0.092223868,3240.38
09/13/22,Michelle Coleman,Theresa Anderson,Nissan,F-150,2021,46092,0.062932884,2900.7
11/08/22,Michelle Coleman,Jessica Hancock,Chevrolet,Corolla,2016,40647,0.068464595,2782.88
11/04/22,Michelle Coleman,Richard Moore,Nissan,Civic,2017,15390,0.070796341,1089.56
08/07/22,Michelle Coleman,Natalie Robertson,Honda,Corolla,2017,11248,0.147575436,1659.93
01/05/23,Michelle Coleman,Sarah Robinson,Ford,Altima,2011,19525,0.056836186,1109.73
12/19/22,Michelle Coleman,Andrew Bowen,Ford,Civic,2012,38980,0.052347642,2040.51
01/24/23,Michelle Coleman,Tiffany Mathews,Toyota,Silverado,2012,43942,0.06458616,2838.05
03/07/23,Michelle Coleman,Renee Herrera,Chevrolet,Civic,2013,20064,0.090177565,1809.32
04/13/23,Michelle Coleman,Carl Sutton,Honda,Civic,2011,27204,0.056384708,1533.89
03/13/23,Michelle Coleman,Kimberly Cook,Toyota,Silverado,2021,25319,0.082756116,2095.3
07/28/22,Michelle Coleman,Kimberly Dixon,Honda,Civic,2021,19966,0.066345132,1324.65
10/06/22,Michelle Coleman,Erika Davis,Ford,F-150,2022,28645,0.102481658,2935.59
11/22/22,Michelle Coleman,Rebecca Thompson,Nissan,Civic,2014,24407,0.116117404,2834.08
01/13/23,Michelle Coleman,Ashley Dixon,Ford,Corolla,2020,15391,0.084650568,1302.86
08/08/22,Michelle Coleman,Anna Diaz,Chevrolet,Silverado,2016,27785,0.139969404,3889.05
11/13/22,Michelle Coleman,Michael Chandler,Toyota,Silverado,2019,35271,0.059142926,2086.03
07/25/22,Michelle Coleman,Jose King,Nissan,Corolla,2017,28026,0.053538008,1500.46
05/21/22,Michelle Coleman,James Fuentes PhD,Chevrolet,Silverado,2019,29996,0.096028007,2880.46
11/18/22,Michelle Coleman,Tammy Wood,Chevrolet,F-150,2010,36750,0.102445532,3764.87
12/29/22,Michelle Coleman,Randy Johnson Jr.,Ford,Altima,2017,23221,0.056420919,1310.15
10/26/22,Michelle Coleman,Brianna Henderson,Nissan,Altima,2019,11849,0.117263528,1389.46
06/14/22,Michelle Coleman,Philip Morris,Nissan,Altima,2019,23824,0.088933944,2118.76
07/04/22,Michelle Coleman,Mr. David Mack MD,Honda,Silverado,2014,21343,0.145653542,3108.68
03/21/23,Michelle Coleman,Michael Whitaker,Ford,Corolla,2020,47651,0.054327131,2588.74
12/23/22,Michelle Coleman,Amber Wells,Honda,Civic,2014,29843,0.054172647,1616.67
09/29/22,Michelle Coleman,Kimberly Hughes,Toyota,Altima,2010,17443,0.111436078,1943.78
05/06/22,Michelle Coleman,Mrs. Misty Porter,Honda,Altima,2022,30977,0.112036971,3470.57
05/14/22,Michelle Coleman,Shannon Sutton,Honda,Altima,2021,27067,0.104673188,2833.19
03/16/23,Michelle Coleman,Janet Cole,Toyota,Altima,2018,14737,0.075817577,1117.32
07/16/22,Michelle Coleman,Nicholas Thomas,Nissan,F-150,2022,26704,0.131921532,3522.83
01/24/23,Valerie Nolan,Shelley Welch,Chevrolet,Silverado,2018,21258,0.08647141,1838.21
04/13/23,Valerie Nolan,Carlos Fields,Nissan,Altima,2022,13508,0.146756353,1982.38
04/13/23,Valerie Nolan,Olivia Hall,Nissan,F-150,2017,47252,0.109838787,5190.1
07/28/22,Valerie Nolan,Charles Bailey,Chevrolet,Civic,2017,13133,0.147607023,1938.52
10/09/22,Valerie Nolan,Marie Evans,Chevrolet,F-150,2021,14884,0.081680353,1215.73
02/18/23,Valerie Nolan,Julie Kelly,Toyota,F-150,2018,46250,0.100636667,4654.45
07/11/22,Valerie Nolan,Leslie Scott,Toyota,Silverado,2013,10067,0.123670066,1244.99
01/02/23,Valerie Nolan,James Thomas,Toyota,Altima,2018,29532,0.1387614,4097.9
07/19/22,Valerie Nolan,Jacqueline Boyd,Honda,Corolla,2010,17406,0.108585137,1890.03
04/15/23,Valerie Nolan,Matthew Anderson,Chevrolet,Corolla,2015,36834,0.080895726,2979.71
06/07/22,Valerie Nolan,Sarah Bullock,Nissan,F-150,2018,45845,0.135045514,6191.16
12/16/22,Valerie Nolan,James Cox,Nissan,Silverado,2014,11047,0.108040883,1193.53
02/27/23,Valerie Nolan,Stephanie Davis,Honda,Civic,2019,46303,0.078829767,3650.05
05/05/22,Valerie Nolan,Jennifer Stark,Ford,Altima,2013,17180,0.07355409,1263.66
02/14/23,Valerie Nolan,Grant Turner,Honda,Civic,2011,43919,0.059233953,2601.5
02/01/23,Valerie Nolan,Jeffrey Gillespie,Honda,Civic,2020,19526,0.128314718,2505.47
04/13/23,Valerie Nolan,Ashley Marquez,Toyota,F-150,2015,31679,0.08055814,2552
02/04/23,Valerie Nolan,Debra Gaines,Toyota,Corolla,2013,45031,0.075450255,3397.6
06/26/22,Valerie Nolan,Ryan Arnold,Nissan,F-150,2022,24797,0.137756535,3415.95
10/18/22,Valerie Nolan,Peter Cole,Toyota,Altima,2012,34884,0.066475198,2318.92
11/20/22,Valerie Nolan,Mike Harris,Ford,Corolla,2021,22547,0.127145054,2866.74
04/07/23,Valerie Nolan,Crystal Mccarthy,Ford,Silverado,2012,33312,0.064301994,2142.03
08/19/22,Valerie Nolan,Joanna Lamb,Toyota,Corolla,2012,31369,0.137397333,4310.02
06/04/22,Valerie Nolan,Jamie Smith,Honda,Corolla,2015,23255,0.054744915,1273.09
12/01/22,Valerie Nolan,Erica Alexander,Honda,Civic,2022,13986,0.094023194,1315.01
07/09/22,Valerie Nolan,Melissa Johns,Nissan,F-150,2021,16443,0.131217339,2157.61
01/27/23,Valerie Nolan,Joseph Elliott,Ford,Civic,2022,38622,0.065223833,2519.07
07/23/22,Valerie Nolan,Bryan Hansen,Chevrolet,F-150,2020,38328,0.071817758,2752.63
07/02/22,Valerie Nolan,Karen Roth,Ford,F-150,2013,41322,0.063977921,2643.7
07/31/22,Valerie Nolan,Meredith Gomez,Honda,F-150,2012,49209,0.102078921,5023.2
02/04/23,Valerie Nolan,Stephanie Jones,Ford,F-150,2012,32338,0.092405046,2988.19
10/18/22,Valerie Nolan,Jordan Taylor,Toyota,Civic,2013,17158,0.127227796,2182.97
02/01/23,Valerie Nolan,Brandon Strickland,Honda,Altima,2013,46421,0.129396629,6006.72
07/22/22,Valerie Nolan,Ethan Bauer,Ford,Civic,2012,36214,0.121878682,4413.71
09/27/22,Valerie Nolan,Christopher Morris,Nissan,Civic,2015,39057,0.109205515,4265.24
12/18/22,Valerie Nolan,Russell Davidson,Honda,Civic,2022,17629,0.108159864,1906.75
01/29/23,Valerie Nolan,Andrew Roth,Honda,Civic,2011,42145,0.087289118,3678.8
11/23/22,Valerie Nolan,Elaine Ortiz,Toyota,F-150,2010,35472,0.138814401,4924.02
12/01/22,Valerie Nolan,Crystal Hurley,Chevrolet,Civic,2014,41093,0.071574616,2941.22
09/29/22,Valerie Nolan,Thomas Cantu,Honda,F-150,2013,20208,0.123986117,2505.51
